-- Adminer 4.8.0 MySQL 8.0.31-0ubuntu0.20.04.2 dump

SET NAMES utf8;
SET time_zone = '+00:00';
SET foreign_key_checks = 0;
SET sql_mode = 'NO_AUTO_VALUE_ON_ZERO';

SET NAMES utf8mb4;

DROP TABLE IF EXISTS `contract_tpc`;
CREATE TABLE `contract_tpc` (
  `contract_duration` tinyint NOT NULL,
  `id` bigint unsigned NOT NULL,
  KEY `contract_tpc_id_foreign` (`id`),
  CONSTRAINT `contract_tpc_id_foreign` FOREIGN KEY (`id`) REFERENCES `employee_tpc` (`id`) ON DELETE CASCADE ON UPDATE CASCADE
) ENGINE=InnoDB DEFAULT CHARSET=utf8mb4 COLLATE=utf8mb4_unicode_ci;

INSERT INTO `contract_tpc` (`contract_duration`, `id`) VALUES
(2,	51),
(1,	52),
(5,	53),
(1,	54),
(2,	55),
(5,	56),
(2,	57),
(5,	58),
(2,	59),
(5,	60),
(2,	61),
(4,	62),
(4,	63),
(4,	64),
(2,	65),
(1,	66),
(4,	67),
(5,	68),
(4,	69),
(1,	70),
(5,	71),
(1,	72),
(3,	73),
(2,	74),
(5,	75),
(3,	76),
(2,	77),
(3,	78),
(2,	79),
(5,	80),
(3,	81),
(5,	82),
(4,	83),
(1,	84),
(4,	85),
(5,	86),
(5,	87),
(2,	88),
(5,	89),
(4,	90),
(1,	91),
(4,	92),
(3,	93),
(1,	94),
(4,	95),
(5,	96),
(5,	97),
(2,	98),
(4,	99),
(4,	100);

DROP TABLE IF EXISTS `employee_tpc`;
CREATE TABLE `employee_tpc` (
  `id` bigint unsigned NOT NULL AUTO_INCREMENT,
  `name` varchar(50) COLLATE utf8mb4_unicode_ci NOT NULL,
  `address` text COLLATE utf8mb4_unicode_ci NOT NULL,
  `type` text COLLATE utf8mb4_unicode_ci NOT NULL,
  PRIMARY KEY (`id`)
) ENGINE=InnoDB DEFAULT CHARSET=utf8mb4 COLLATE=utf8mb4_unicode_ci;

INSERT INTO `employee_tpc` (`id`, `name`, `address`, `type`) VALUES
(1,	'Newell Crist',	'33383 Stacy Turnpike Apt. 984\nKiehnside, KY 76567-1457',	'permanent'),
(2,	'Mr. Erik Huel',	'72061 Britney Drive Suite 867\nShieldsmouth, GA 51802',	'permanent'),
(3,	'Mr. Marques Waters IV',	'84490 Asia Village\nMyrtisshire, KS 41465-8765',	'permanent'),
(4,	'Dr. Olaf Volkman V',	'431 Arely Islands Suite 412\nKassandraville, AR 30843',	'permanent'),
(5,	'Laurie Durgan',	'7846 Julianne Street\nGislasonberg, VA 95982',	'permanent'),
(6,	'Jaeden Berge',	'69019 Lexi Meadow\nWolfmouth, VA 06267',	'permanent'),
(7,	'Mr. Abdul Crona III',	'79074 Barton Locks Apt. 418\nHellenstad, NY 18005-5150',	'permanent'),
(8,	'Marianna Spencer',	'7047 Ratke Parkway Suite 504\nJuddstad, IL 27109',	'permanent'),
(9,	'Dr. Ophelia Zemlak DVM',	'9271 Orn Locks Apt. 581\nPort Nicolas, DE 66930-7125',	'permanent'),
(10,	'Ms. Maci Collins PhD',	'8648 Ladarius Knoll\nDovieview, NJ 27125-1519',	'permanent'),
(11,	'Skylar Sauer',	'833 Rath Rest Suite 983\nGorczanymouth, CO 42503',	'permanent'),
(12,	'Antonia Bernhard',	'773 Raul Streets\nPort Laury, TN 38822',	'permanent'),
(13,	'Akeem Schiller',	'70243 Dooley Turnpike\nStantonchester, ND 47369',	'permanent'),
(14,	'Giuseppe Collier',	'34347 Vince Meadows Apt. 440\nWest Brionnaport, ID 78087',	'permanent'),
(15,	'Miss Deborah Hauck',	'8294 Nicolas Loop Suite 525\nWest Meghanbury, WV 69988-9206',	'permanent'),
(16,	'Abigail Stark',	'3585 Windler Shore\nNorth Wiley, VT 20658',	'permanent'),
(17,	'Edgardo McDermott',	'2915 Dimitri Falls Suite 799\nSouth Rodger, ID 88215-0738',	'permanent'),
(18,	'Prof. Floyd Glover IV',	'89783 Darrin Crossing Suite 287\nAbernathyport, NE 70927-0265',	'permanent'),
(19,	'Tina Kessler',	'214 VonRueden Gardens Suite 590\nPort Roryberg, NE 82391',	'permanent'),
(20,	'Devin Keebler Jr.',	'3096 D\'Amore River Suite 842\nNew Isabell, NH 59607-0753',	'permanent'),
(21,	'Ms. Shyann Rogahn II',	'5086 Adams Mission\nAylinfort, IN 84294',	'permanent'),
(22,	'Reece Spinka',	'7817 Mariana Meadows\nKuvalisfurt, KS 27415',	'permanent'),
(23,	'Jose Quitzon',	'7261 Katlynn Drive\nFloridastad, WI 12701',	'permanent'),
(24,	'Prof. Janelle Nader IV',	'6858 Doyle Parks\nLindburgh, ME 48574-3483',	'permanent'),
(25,	'Catalina Lind',	'307 Kiera Views\nAndersonbury, MS 07448-0621',	'permanent'),
(26,	'Dr. Henriette McCullough DDS',	'67906 Jerel Centers\nNew Adeline, AL 26955',	'permanent'),
(27,	'Damon Skiles',	'5197 Bednar Branch Apt. 113\nVonbury, NY 95774',	'permanent'),
(28,	'Dr. Tyrese Heaney',	'44997 Dibbert Cape Apt. 167\nSouth Treverport, MT 03367',	'permanent'),
(29,	'Sadye Hudson',	'7072 Estevan Springs\nSouth Josianne, CT 66138-8572',	'permanent'),
(30,	'Wilfredo Kirlin MD',	'4014 Lyric Crescent\nSouth Kasandra, CA 76970',	'permanent'),
(31,	'Jamarcus Lemke',	'191 Casper Lodge\nLake Sigridberg, OK 19076-2268',	'permanent'),
(32,	'Kayli Schuster',	'875 Rau Passage\nSouth Garlandtown, PA 67497-7505',	'permanent'),
(33,	'Leonard Bernier',	'5891 Cruickshank Bypass\nMaryseville, IN 21975-0757',	'permanent'),
(34,	'Durward Ward',	'501 Christiansen Knolls Suite 988\nPort Gianniland, ND 46992-2210',	'permanent'),
(35,	'Murray Stokes Sr.',	'519 Kacie Mission Suite 989\nEast Thora, CO 72300',	'permanent'),
(36,	'Sanford Schultz DDS',	'98646 Loren Prairie\nLake Freddy, WI 24893-0900',	'permanent'),
(37,	'Ellie Schmitt I',	'244 Weimann Tunnel Apt. 610\nNew Mayra, NE 11548-5608',	'permanent'),
(38,	'Cyril Crooks DVM',	'111 Sincere Tunnel\nEasterland, NV 47482-6494',	'permanent'),
(39,	'Kaci McCullough',	'5839 Camille Points Apt. 479\nKellietown, AZ 47478-9441',	'permanent'),
(40,	'Jesse Yundt',	'153 Gwendolyn Stream Apt. 357\nWintheiserberg, AK 75500-9823',	'permanent'),
(41,	'Bryce Leffler',	'77140 Swaniawski Groves Apt. 617\nPort Geovannimouth, VA 99574-0243',	'permanent'),
(42,	'Ms. Ebony Purdy PhD',	'37290 Langworth Station Apt. 109\nSouth Dinachester, WI 64556',	'permanent'),
(43,	'Prof. Abraham Dibbert IV',	'4487 Emelia Heights\nBodefort, AZ 37931',	'permanent'),
(44,	'Mr. Samir Yundt',	'420 Rachel Greens\nSouth Augustineborough, ID 41862-0036',	'permanent'),
(45,	'Shakira Littel',	'8375 Thaddeus Villages Suite 726\nElisemouth, WV 91431',	'permanent'),
(46,	'Garnet Koch',	'61555 Adrien Court Suite 252\nChristellechester, CT 12609-4799',	'permanent'),
(47,	'Prof. Taurean Lubowitz II',	'625 Milton Squares\nFerryfurt, SC 51081-8213',	'permanent'),
(48,	'Ms. Alejandra Roberts PhD',	'4109 Corwin Roads\nSouth Luciousview, VA 51473',	'permanent'),
(49,	'Austin Schinner V',	'401 McLaughlin Centers Suite 557\nKohlerstad, OH 48594-4503',	'permanent'),
(50,	'Dr. Oscar Barton I',	'3967 Swaniawski Corner\nEast Antonio, AL 90684-0269',	'permanent'),
(51,	'Alexanne Stiedemann',	'8453 Fabian Hills\nGrahamville, AK 15688-7404',	'contract'),
(52,	'Ryann West',	'6826 Block Spur\nStuartfurt, ID 45119',	'contract'),
(53,	'Dr. Gerhard Streich IV',	'976 Erica Burgs Apt. 481\nEast Angel, CA 11631',	'contract'),
(54,	'Ms. Maryse Abbott PhD',	'8035 Bartoletti Squares\nGranthaven, TX 71141',	'contract'),
(55,	'Amber Frami IV',	'778 Imogene Vista\nSchneiderstad, ND 87356-3720',	'contract'),
(56,	'Ms. Mariane Reichel PhD',	'40343 Nettie Hills\nFredaburgh, WY 71164',	'contract'),
(57,	'Diamond Ziemann',	'64302 Bashirian Branch\nNorth Waylon, TN 50763-2543',	'contract'),
(58,	'Pearl Kuhlman',	'239 Aurelia Canyon\nZachariahshire, IL 54886',	'contract'),
(59,	'Dr. Gillian West DDS',	'3432 Courtney Isle\nMannstad, AR 89356-6157',	'contract'),
(60,	'Connor Beatty Jr.',	'936 Paucek Ridge\nHeidenreichmouth, WA 90953',	'contract'),
(61,	'Prof. Ramiro Tremblay I',	'22299 Treutel Shore\nSouth Teresa, PA 52571',	'contract'),
(62,	'Josephine Quigley',	'26353 Senger Track Apt. 283\nKubfort, DE 12934-8352',	'contract'),
(63,	'Adriana Brekke',	'5643 Abbie Way\nNolanburgh, DC 46980-9550',	'contract'),
(64,	'Lila Denesik',	'8615 Beahan Greens\nChamplinview, UT 93832-2113',	'contract'),
(65,	'Marley Vandervort',	'265 Darius Wall\nAnastasiaberg, CO 37360-7457',	'contract'),
(66,	'Thad Lakin',	'7090 Declan Wells\nEast Leilaside, IA 57706-4251',	'contract'),
(67,	'Hubert Boyer',	'2381 Violet Branch Apt. 154\nNorth Wilbert, VA 94678-0308',	'contract'),
(68,	'Vernon Mertz',	'43525 Zemlak Trail Suite 008\nEast Jayde, WA 29228',	'contract'),
(69,	'Aryanna Pouros I',	'91655 Henry Brooks\nSouth Roslynburgh, KY 91306-0158',	'contract'),
(70,	'Trenton Cole',	'676 Brenna Walk Apt. 103\nNew Jedshire, OH 85967-1029',	'contract'),
(71,	'Jay Fadel',	'2189 Donavon Parkways\nWest Rhodaland, AL 38150',	'contract'),
(72,	'Dr. Freida Von DVM',	'90514 Chadrick Stravenue Suite 689\nWilliefort, FL 35762-6888',	'contract'),
(73,	'Terry Terry',	'8062 Keeling Extension Suite 397\nConroyhaven, TX 48806-7265',	'contract'),
(74,	'Miss Susana Bechtelar III',	'47909 Marcia Falls\nNew Gideonfort, DC 92592',	'contract'),
(75,	'Hardy Collins',	'53286 Wilderman Flat Suite 713\nKeaganfurt, HI 58221-9859',	'contract'),
(76,	'Toney Wyman',	'667 Olaf Road\nPort Terence, OR 56682',	'contract'),
(77,	'Prof. Judd Herzog',	'801 Kirstin Bridge\nRobertaland, OH 74657',	'contract'),
(78,	'Laury Grimes',	'67709 Lester Cove Suite 414\nPort Lelah, SD 91157',	'contract'),
(79,	'Ashtyn Maggio',	'601 Clare Route\nAntoniettafurt, DE 43019',	'contract'),
(80,	'Buddy Zulauf',	'268 Kristin Park Apt. 278\nCronintown, WI 86059-5255',	'contract'),
(81,	'Darian Smith',	'652 Fritsch Plaza Apt. 269\nPort Cathrynchester, MO 15380',	'contract'),
(82,	'Joshuah Weimann',	'912 Lueilwitz Island Suite 968\nRippinville, NC 48088',	'contract'),
(83,	'Deondre Schultz',	'4062 Rashad Ferry\nPort Lindsayville, TN 52915-0881',	'contract'),
(84,	'Mrs. Mya Trantow Sr.',	'804 Batz Lights Apt. 590\nWest Rethamouth, MA 29043-4889',	'contract'),
(85,	'Abigayle Bartell',	'1752 Bins Inlet\nRhiannachester, OK 82898',	'contract'),
(86,	'Gina Gislason',	'2136 Grover Spurs Suite 389\nEast Eleonore, AL 52722-4072',	'contract'),
(87,	'Gunner Cummerata',	'37424 White Road\nVaughnland, OH 93297-0097',	'contract'),
(88,	'Casandra Smitham',	'590 Boyer Islands Apt. 659\nEraport, RI 54519',	'contract'),
(89,	'Braxton Keeling',	'765 Upton Camp\nFisherport, WV 14329-1153',	'contract'),
(90,	'Felipe Block',	'949 Chad Harbors\nYostfort, ME 02662',	'contract'),
(91,	'Brandon Kohler',	'583 Wilderman Roads\nLakinburgh, VA 81140',	'contract'),
(92,	'Leopold Hayes',	'4599 Greenfelder Shores\nHuelsfurt, AR 04494-0961',	'contract'),
(93,	'Georgianna King',	'13783 Mylene Viaduct\nLeschfort, GA 13716-5924',	'contract'),
(94,	'Lavern Lemke',	'2800 Herminio Tunnel\nLucasstad, HI 92666',	'contract'),
(95,	'Mr. Mitchel Connelly',	'65002 Yundt Heights Apt. 816\nAlexandreaview, HI 03488-3280',	'contract'),
(96,	'Jannie Wiegand DVM',	'56502 Nicklaus Unions\nConroyshire, ID 04723-2574',	'contract'),
(97,	'Fredrick Adams MD',	'21279 Swaniawski Gardens Apt. 270\nBeattymouth, MN 76616-6227',	'contract'),
(98,	'Mr. Jermey Rohan',	'17138 Spinka Grove Suite 245\nNew Johathan, NJ 95728-2869',	'contract'),
(99,	'Prof. Chelsie Fahey I',	'9272 Collier Shoal Apt. 947\nNew Amiyaport, MD 13815',	'contract'),
(100,	'Wilburn Schowalter',	'6486 Sipes Throughway Suite 768\nLake Kearaburgh, MA 09199-9170',	'contract');

DROP TABLE IF EXISTS `permanent_tpc`;
CREATE TABLE `permanent_tpc` (
  `nik` varchar(30) COLLATE utf8mb4_unicode_ci NOT NULL,
  `id` bigint unsigned NOT NULL,
  KEY `permanent_tpc_id_foreign` (`id`),
  CONSTRAINT `permanent_tpc_id_foreign` FOREIGN KEY (`id`) REFERENCES `employee_tpc` (`id`) ON DELETE CASCADE ON UPDATE CASCADE
) ENGINE=InnoDB DEFAULT CHARSET=utf8mb4 COLLATE=utf8mb4_unicode_ci;

INSERT INTO `permanent_tpc` (`nik`, `id`) VALUES
('922718',	1),
('171527',	2),
('696115',	3),
('617186',	4),
('419351',	5),
('888199',	6),
('943101',	7),
('576162',	8),
('952909',	9),
('585658',	10),
('475768',	11),
('581333',	12),
('763469',	13),
('305181',	14),
('808155',	15),
('698606',	16),
('579973',	17),
('552576',	18),
('203992',	19),
('240798',	20),
('984033',	21),
('328602',	22),
('807539',	23),
('296495',	24),
('183871',	25),
('147180',	26),
('911834',	27),
('927474',	28),
('608913',	29),
('219569',	30),
('144421',	31),
('188501',	32),
('971307',	33),
('685972',	34),
('730245',	35),
('185790',	36),
('611672',	37),
('222286',	38),
('296882',	39),
('617150',	40),
('369528',	41),
('944195',	42),
('654241',	43),
('343801',	44),
('821879',	45),
('123186',	46),
('298799',	47),
('213549',	48),
('759833',	49),
('690663',	50);

-- 2023-01-09 11:25:22
