-- Adminer 4.8.0 MySQL 8.0.31-0ubuntu0.20.04.2 dump

SET NAMES utf8;
SET time_zone = '+00:00';
SET foreign_key_checks = 0;
SET sql_mode = 'NO_AUTO_VALUE_ON_ZERO';

SET NAMES utf8mb4;

DROP TABLE IF EXISTS `desks`;
CREATE TABLE `desks` (
  `id` bigint unsigned NOT NULL AUTO_INCREMENT,
  `location` varchar(30) COLLATE utf8mb4_unicode_ci NOT NULL,
  `user_id` int NOT NULL,
  PRIMARY KEY (`id`)
) ENGINE=InnoDB DEFAULT CHARSET=utf8mb4 COLLATE=utf8mb4_unicode_ci;

INSERT INTO `desks` (`id`, `location`, `user_id`) VALUES
(1,	'ipsam',	96),
(2,	'omnis',	49),
(3,	'expedita',	31),
(4,	'sed',	14),
(5,	'perferendis',	86),
(6,	'dignissimos',	75),
(7,	'iure',	16),
(8,	'distinctio',	15),
(9,	'officia',	54),
(10,	'sit',	39),
(11,	'et',	40),
(12,	'error',	53),
(13,	'non',	99),
(14,	'laboriosam',	64),
(15,	'autem',	72),
(16,	'quia',	76),
(17,	'est',	59),
(18,	'officiis',	82),
(19,	'rerum',	91),
(20,	'vero',	52),
(21,	'accusamus',	70),
(22,	'illum',	65),
(23,	'consequatur',	45),
(24,	'dolor',	6),
(25,	'est',	62),
(26,	'quisquam',	19),
(27,	'ex',	73),
(28,	'et',	43),
(29,	'rem',	8),
(30,	'perspiciatis',	57),
(31,	'nam',	97),
(32,	'rem',	85),
(33,	'ea',	5),
(34,	'sapiente',	25),
(35,	'nostrum',	11),
(36,	'quis',	17),
(37,	'aut',	81),
(38,	'et',	13),
(39,	'et',	94),
(40,	'ex',	7),
(41,	'deleniti',	61),
(42,	'quos',	47),
(43,	'porro',	50),
(44,	'voluptatem',	33),
(45,	'nobis',	30),
(46,	'qui',	37),
(47,	'fugit',	28),
(48,	'quia',	63),
(49,	'enim',	55),
(50,	'omnis',	92),
(51,	'facere',	83),
(52,	'aut',	38),
(53,	'explicabo',	84),
(54,	'quasi',	20),
(55,	'similique',	21),
(56,	'delectus',	24),
(57,	'ipsam',	56),
(58,	'itaque',	58),
(59,	'adipisci',	77),
(60,	'saepe',	1),
(61,	'voluptatem',	26),
(62,	'deleniti',	12),
(63,	'neque',	48),
(64,	'beatae',	44),
(65,	'voluptatem',	46),
(66,	'voluptatem',	67),
(67,	'ipsam',	100),
(68,	'quis',	51),
(69,	'voluptate',	78),
(70,	'ipsa',	34),
(71,	'aut',	36),
(72,	'maxime',	42),
(73,	'mollitia',	10),
(74,	'esse',	95),
(75,	'mollitia',	66),
(76,	'autem',	32),
(77,	'dignissimos',	29),
(78,	'est',	27),
(79,	'et',	3),
(80,	'quo',	35),
(81,	'perferendis',	79),
(82,	'aut',	4),
(83,	'laborum',	23),
(84,	'ut',	74),
(85,	'blanditiis',	89),
(86,	'tempora',	93),
(87,	'sed',	2),
(88,	'voluptas',	60),
(89,	'tempora',	9),
(90,	'ratione',	71),
(91,	'itaque',	90),
(92,	'officiis',	22),
(93,	'sed',	68),
(94,	'consequuntur',	41),
(95,	'vel',	69),
(96,	'aliquam',	88),
(97,	'non',	80),
(98,	'pariatur',	87),
(99,	'dolorem',	98),
(100,	'ducimus',	18);

DROP TABLE IF EXISTS `roles`;
CREATE TABLE `roles` (
  `id` bigint unsigned NOT NULL AUTO_INCREMENT,
  `name` varchar(100) COLLATE utf8mb4_unicode_ci NOT NULL,
  PRIMARY KEY (`id`)
) ENGINE=InnoDB DEFAULT CHARSET=utf8mb4 COLLATE=utf8mb4_unicode_ci;

INSERT INTO `roles` (`id`, `name`) VALUES
(1,	'Embossing Machine Operator'),
(2,	'Forging Machine Setter'),
(3,	'Medical Sales Representative'),
(4,	'Financial Services Sales Agent'),
(5,	'Optical Instrument Assembler'),
(6,	'Occupational Therapist Aide'),
(7,	'Child Care Worker'),
(8,	'Paralegal'),
(9,	'Lay-Out Worker'),
(10,	'Forest Fire Fighter'),
(11,	'Steel Worker'),
(12,	'Metal-Refining Furnace Operator'),
(13,	'Massage Therapist'),
(14,	'Air Crew Member'),
(15,	'Telecommunications Line Installer'),
(16,	'Pipelaying Fitter'),
(17,	'Cafeteria Cook'),
(18,	'Stringed Instrument Repairer and Tuner'),
(19,	'Sawing Machine Tool Setter'),
(20,	'Nuclear Technician'),
(21,	'License Clerk'),
(22,	'Corporate Trainer'),
(23,	'Funeral Attendant'),
(24,	'Substance Abuse Counselor'),
(25,	'Electro-Mechanical Technician'),
(26,	'Cartographer'),
(27,	'Metal Fabricator'),
(28,	'Warehouse'),
(29,	'Fiber Product Cutting Machine Operator'),
(30,	'Heating and Air Conditioning Mechanic'),
(31,	'General Manager'),
(32,	'Substance Abuse Counselor'),
(33,	'Illustrator'),
(34,	'Platemaker'),
(35,	'Forest and Conservation Technician'),
(36,	'Opticians'),
(37,	'Sociology Teacher'),
(38,	'Insurance Underwriter'),
(39,	'Travel Guide'),
(40,	'Electric Meter Installer'),
(41,	'Receptionist and Information Clerk'),
(42,	'Pharmacy Technician'),
(43,	'RN'),
(44,	'Housekeeper'),
(45,	'Wind Instrument Repairer'),
(46,	'Typesetting Machine Operator'),
(47,	'Shuttle Car Operator'),
(48,	'Medical Laboratory Technologist'),
(49,	'Tank Car'),
(50,	'Military Officer');

DROP TABLE IF EXISTS `tasks`;
CREATE TABLE `tasks` (
  `id` bigint unsigned NOT NULL AUTO_INCREMENT,
  `description` text COLLATE utf8mb4_unicode_ci NOT NULL,
  `user_id` int NOT NULL,
  PRIMARY KEY (`id`)
) ENGINE=InnoDB DEFAULT CHARSET=utf8mb4 COLLATE=utf8mb4_unicode_ci;

INSERT INTO `tasks` (`id`, `description`, `user_id`) VALUES
(1,	'Dignissimos quo fuga quia.',	28),
(2,	'Aperiam non omnis quia ut.',	45),
(3,	'Eius et facere quo sed reiciendis sunt.',	77),
(4,	'Soluta repudiandae officia dolorem esse assumenda quae.',	80),
(5,	'Voluptas culpa quia asperiores exercitationem.',	50),
(6,	'Consectetur ut id quo beatae sit occaecati omnis.',	59),
(7,	'Voluptatum repellat eveniet quasi est tenetur laboriosam.',	98),
(8,	'Quae facere harum voluptates ratione qui.',	97),
(9,	'Ut quasi tempora possimus odit.',	82),
(10,	'Repellendus nam dolores eius.',	32),
(11,	'Quia ut atque architecto esse dignissimos blanditiis facilis.',	63),
(12,	'Natus deserunt consequatur laboriosam cupiditate minus.',	83),
(13,	'Quidem molestiae nemo eum harum similique enim quibusdam asperiores.',	16),
(14,	'Dolor aut minima quos illo aliquid.',	38),
(15,	'Necessitatibus culpa hic voluptates sed rerum corrupti.',	59),
(16,	'Quibusdam quia est dolorem dolore nihil perspiciatis reprehenderit.',	92),
(17,	'Neque quia qui iusto incidunt explicabo et.',	77),
(18,	'Tempore non eligendi unde rerum.',	61),
(19,	'Sint nostrum culpa cumque non corporis vel.',	44),
(20,	'Quas dolore et quia blanditiis fuga optio.',	65),
(21,	'Quia tenetur velit dolorem voluptatem.',	42),
(22,	'Nulla sunt ullam cum voluptatum voluptate maiores.',	3),
(23,	'Dolor quia consequuntur quia aliquam velit porro excepturi.',	64),
(24,	'Cum minus voluptatem voluptas officia possimus.',	98),
(25,	'Magnam excepturi facere voluptatibus et doloremque non quam.',	88),
(26,	'Nostrum temporibus dignissimos modi deleniti corporis.',	76),
(27,	'Est eius est itaque asperiores odio provident.',	60),
(28,	'Ut dolores et ut minima qui quia.',	82),
(29,	'Ex eveniet non explicabo quia qui.',	26),
(30,	'Sequi est neque nesciunt necessitatibus ut dolorum sunt.',	20),
(31,	'Ut libero voluptas voluptatem ab.',	70),
(32,	'Nisi facere eos vitae sunt sed.',	94),
(33,	'Quod eius omnis sunt consequatur quis sit qui.',	86),
(34,	'Rerum labore aut doloribus iure.',	2),
(35,	'Rem et omnis facere soluta sed ut occaecati.',	74),
(36,	'Nostrum impedit soluta porro officiis ea iure porro amet.',	50),
(37,	'Sit beatae dolor omnis perspiciatis eum dolorum quis.',	5),
(38,	'Praesentium atque quos quo consequuntur exercitationem dolorem quasi.',	89),
(39,	'Architecto provident quidem neque a aut ut.',	33),
(40,	'Fugit rerum error et rerum quis.',	31),
(41,	'A excepturi quos explicabo aliquam aut mollitia.',	61),
(42,	'Omnis qui ipsam et distinctio pariatur aliquam.',	38),
(43,	'Nisi nihil incidunt et in vel.',	34),
(44,	'Dolores eos laboriosam voluptas ipsum accusantium et.',	72),
(45,	'Doloremque sint et dolorum est quia velit fugit.',	12),
(46,	'Beatae odio fugiat dolorem adipisci quia.',	6),
(47,	'Accusantium velit assumenda quam enim rerum consequatur sed.',	19),
(48,	'Qui ut quia corporis doloremque maxime.',	22),
(49,	'Sint officia aut quasi consequatur provident error quas quidem.',	3),
(50,	'Possimus officiis nostrum voluptate aliquid possimus voluptas.',	55),
(51,	'Rem et ipsa vitae consequuntur nemo voluptatem.',	77),
(52,	'Non quibusdam fugiat assumenda culpa necessitatibus aut atque.',	72),
(53,	'In et occaecati porro ratione.',	65),
(54,	'Delectus molestiae quis nisi nihil.',	68),
(55,	'Cupiditate atque aspernatur eum recusandae et minima harum.',	89),
(56,	'Aperiam mollitia explicabo libero harum odio adipisci voluptates harum.',	82),
(57,	'Sunt placeat velit nostrum delectus laudantium vel.',	74),
(58,	'Debitis sequi enim tempore quas reprehenderit est eum.',	52),
(59,	'Corrupti maiores perferendis rerum atque et.',	18),
(60,	'Est et quis non.',	88),
(61,	'Officiis id sed qui accusantium dicta.',	100),
(62,	'Aut maiores aut reiciendis laboriosam atque.',	29),
(63,	'Velit quae fugit repellat eos nobis aspernatur quod.',	75),
(64,	'Ut ipsa sed ex velit odit aut.',	34),
(65,	'Illum dolores nihil culpa voluptatem animi saepe.',	51),
(66,	'Ducimus unde autem non fugit veritatis.',	36),
(67,	'Saepe qui earum aut ut.',	67),
(68,	'Vel ea sed quos expedita voluptatibus.',	56),
(69,	'Nemo in cumque et est officia molestiae.',	28),
(70,	'Ipsa ut sed qui.',	34),
(71,	'Sint aut est placeat eos porro.',	9),
(72,	'Autem sequi laborum aliquid modi.',	96),
(73,	'Porro sed repellat at sit unde.',	20),
(74,	'Aliquid molestias nihil quasi nobis sequi occaecati numquam.',	80),
(75,	'Aut delectus totam officiis sed nemo molestias.',	83),
(76,	'Aut aut perferendis cumque odit.',	42),
(77,	'Qui quas cum rem et sed a sequi.',	81),
(78,	'Id placeat aliquid tempora sunt cumque.',	52),
(79,	'Maxime consequuntur recusandae quibusdam voluptas vel.',	73),
(80,	'Enim possimus quibusdam explicabo dolore maxime laudantium.',	72),
(81,	'Nobis expedita sint voluptatem ad et vitae iste.',	50),
(82,	'Quo in ducimus architecto ea consectetur mollitia consequuntur.',	24),
(83,	'Et ea dolor minima et et.',	40),
(84,	'Sint error eos ducimus autem.',	5),
(85,	'Commodi recusandae voluptatibus sed illum.',	39),
(86,	'Consequatur dolore ducimus et accusantium saepe numquam.',	48),
(87,	'Ipsa nostrum error quia adipisci qui fuga.',	24),
(88,	'Maxime earum laboriosam repudiandae atque saepe dolore.',	62),
(89,	'Ab eos rem nostrum recusandae corrupti vel.',	41),
(90,	'Tenetur et consequatur iste id pariatur ducimus.',	73),
(91,	'Velit dolorem asperiores a ut quis rem.',	19),
(92,	'Iure consectetur quidem tenetur ipsam voluptatem.',	66),
(93,	'Ratione exercitationem consequatur quis reiciendis in vitae.',	21),
(94,	'Nam eum non saepe at natus expedita repellendus.',	97),
(95,	'Facere error omnis aspernatur laudantium et.',	43),
(96,	'Eos dolorem quidem aut ipsam libero itaque.',	37),
(97,	'Quis ea sed culpa nisi aut saepe omnis voluptas.',	69),
(98,	'Unde aliquid modi numquam odio et hic.',	25),
(99,	'Nulla ad dolores tenetur reprehenderit eum fuga expedita.',	47),
(100,	'Molestiae laudantium quo id quae praesentium autem cum.',	39),
(101,	'Vitae ducimus aspernatur quia numquam incidunt quidem.',	33),
(102,	'Accusamus non iste nulla repudiandae repudiandae ratione autem.',	90),
(103,	'Facilis sequi et sed excepturi sit.',	19),
(104,	'Ratione iure accusamus similique voluptas ratione atque nemo amet.',	53),
(105,	'Sint exercitationem praesentium nihil ex voluptas dolore adipisci.',	98),
(106,	'Ab assumenda facere perferendis praesentium fugiat nisi et.',	61),
(107,	'Pariatur deleniti at omnis sed corporis quis.',	34),
(108,	'Magni neque itaque in.',	3),
(109,	'Dicta necessitatibus commodi sed ipsa cupiditate quaerat.',	84),
(110,	'Sapiente et repudiandae quos et vitae possimus.',	59),
(111,	'Sint illum voluptate facilis nihil facilis.',	86),
(112,	'Aliquam facilis atque dolor omnis nam.',	4),
(113,	'Perferendis ratione id incidunt adipisci doloribus laudantium et.',	53),
(114,	'Commodi vero sed impedit cum quasi.',	64),
(115,	'Unde consequatur accusantium voluptatibus fuga cumque consectetur.',	94),
(116,	'Distinctio beatae dolorem ut atque.',	10),
(117,	'Et minus eveniet voluptatem et saepe est laborum.',	69),
(118,	'Assumenda quidem voluptatem tempora totam.',	26),
(119,	'Vero tempora modi iure velit voluptatem eum.',	61),
(120,	'Ad inventore aperiam molestiae vel et qui ratione modi.',	19),
(121,	'Recusandae velit modi doloribus dolor nobis.',	82),
(122,	'Aliquam temporibus est porro nisi.',	38),
(123,	'Voluptates aut laboriosam fuga nihil veniam distinctio non.',	13),
(124,	'Et alias blanditiis quo est deserunt.',	14),
(125,	'Ut quia minus voluptatibus omnis.',	81),
(126,	'Consequatur ratione atque qui aut autem.',	26),
(127,	'Dolorem qui sit doloremque dolor sequi non et dolorem.',	82),
(128,	'Eum voluptatem error eligendi doloribus.',	97),
(129,	'In rem placeat rerum reiciendis eos harum.',	72),
(130,	'Quod perspiciatis sit qui perspiciatis.',	56),
(131,	'Quis est vel autem alias sed molestiae nihil omnis.',	39),
(132,	'Qui dolor magni rerum ut unde error maiores voluptatem.',	60),
(133,	'Ea nihil laudantium quos a.',	68),
(134,	'A reiciendis et optio aliquam qui.',	45),
(135,	'Fuga veniam dolores velit ex voluptatum.',	15),
(136,	'Quo quo et nihil eum repellat odit non modi.',	7),
(137,	'Qui sed asperiores voluptate animi.',	13),
(138,	'Quis officiis similique sunt vitae.',	42),
(139,	'Laudantium aperiam distinctio velit ab sint amet aut voluptatem.',	97),
(140,	'In perferendis et dolor aut officia aut.',	3),
(141,	'Labore ullam voluptatem eius minus ducimus cumque.',	20),
(142,	'Dolore aliquid aut id hic laboriosam dolore cum.',	39),
(143,	'Quia reiciendis doloremque facere.',	84),
(144,	'Qui molestiae est omnis id.',	80),
(145,	'Et qui dignissimos molestiae soluta.',	31),
(146,	'Rerum non esse dicta rerum tempore perspiciatis vero provident.',	33),
(147,	'Odio praesentium voluptas consequatur repudiandae.',	35),
(148,	'In iusto rerum et earum placeat a.',	71),
(149,	'Unde sint optio sunt est facere facilis.',	86),
(150,	'Expedita exercitationem sunt reiciendis aliquid sed excepturi magnam.',	91),
(151,	'Non facilis voluptas reiciendis cumque omnis magnam.',	63),
(152,	'Aliquam qui qui quia earum.',	29),
(153,	'Voluptatem odio et sit iste sed in et officia.',	13),
(154,	'Rerum vel corrupti exercitationem itaque accusamus magnam cum ea.',	95),
(155,	'Qui excepturi possimus qui quisquam id sit.',	95),
(156,	'Ut aliquid molestiae qui sit et non et atque.',	34),
(157,	'Molestias eveniet quisquam quis eaque aut reprehenderit eligendi maiores.',	44),
(158,	'Sint et et porro qui aut sed accusamus.',	63),
(159,	'Tempora quod voluptatum quis ut aut rerum.',	37),
(160,	'Soluta ullam non dolorem similique explicabo aut.',	85),
(161,	'Veniam accusamus ducimus quis sit voluptate rerum.',	10),
(162,	'Quos repellat unde quisquam laboriosam nihil quas.',	85),
(163,	'Facilis quis nemo dolorem saepe adipisci tenetur consectetur.',	69),
(164,	'Ducimus illo voluptatum nihil saepe atque.',	57),
(165,	'Ut ut rerum molestiae aut sapiente modi numquam.',	30),
(166,	'Veniam at officia saepe esse sit.',	36),
(167,	'Aut quaerat ratione ad necessitatibus.',	19),
(168,	'Quos quisquam dolor sed iste suscipit perspiciatis.',	33),
(169,	'Quo voluptate reiciendis quae esse et officia.',	35),
(170,	'Corrupti eveniet atque assumenda sed.',	79),
(171,	'Cupiditate accusamus mollitia tempore ducimus harum perferendis rerum impedit.',	29),
(172,	'Qui deleniti eaque beatae recusandae.',	72),
(173,	'Nihil iure iste quia reiciendis maiores qui.',	15),
(174,	'Eos exercitationem voluptatibus sequi consequatur amet expedita nesciunt.',	68),
(175,	'Unde amet rerum facilis maxime alias.',	48),
(176,	'Repellendus maiores et est recusandae dicta.',	78),
(177,	'Temporibus eius et et iure ipsa sit.',	44),
(178,	'Voluptatem et ut magnam optio ducimus omnis.',	51),
(179,	'Facilis veniam ullam iste qui maiores aut possimus.',	78),
(180,	'Quidem nisi iste quia maxime.',	96),
(181,	'Vel enim autem deserunt non et eveniet et.',	82),
(182,	'Est ut veritatis impedit at consectetur.',	48),
(183,	'Aut reprehenderit et a consectetur sint atque velit quo.',	32),
(184,	'Delectus nulla quo voluptatem velit.',	68),
(185,	'Doloribus similique sed commodi in.',	79),
(186,	'Vitae qui aut occaecati accusamus.',	22),
(187,	'Eos laborum assumenda provident laborum error aut.',	87),
(188,	'Ut ex modi possimus eos mollitia ullam.',	50),
(189,	'Sit ipsa voluptatem facilis eos quo.',	54),
(190,	'Voluptatem pariatur earum libero quasi.',	79),
(191,	'Rerum mollitia quos et vel voluptatem corrupti sunt.',	22),
(192,	'Temporibus vitae occaecati iure quasi.',	65),
(193,	'Deserunt nihil officiis similique cumque accusantium a.',	22),
(194,	'Aut quos fugiat dolorem facilis.',	41),
(195,	'Possimus et sit qui et nihil laudantium non.',	50),
(196,	'Eligendi minima consequatur non enim.',	88),
(197,	'Dignissimos in voluptas assumenda harum eligendi enim.',	19),
(198,	'Debitis asperiores dolorum at culpa labore eveniet optio labore.',	20),
(199,	'Tempora qui voluptas sed voluptas aspernatur placeat.',	25),
(200,	'Corporis qui facere recusandae earum placeat nulla.',	88),
(201,	'Libero iste soluta aut ut totam.',	28),
(202,	'Natus non dolorem quam velit est.',	53),
(203,	'Earum sequi aspernatur et molestiae fugiat.',	40),
(204,	'Atque dolorem tempora voluptas dolor ut cumque dolorem sed.',	21),
(205,	'Velit repellendus corrupti et assumenda.',	15),
(206,	'Libero sint minima deserunt est.',	79),
(207,	'Voluptas culpa voluptas ea error.',	44),
(208,	'Quam consequatur maiores consequatur voluptas ut et.',	68),
(209,	'Voluptatibus consequatur consequatur quis dolorem aperiam ut.',	11),
(210,	'Et temporibus amet atque.',	73),
(211,	'Praesentium culpa vitae omnis quam harum eos.',	64),
(212,	'Omnis ea et rerum eos.',	39),
(213,	'Iste veniam sint ut fugit.',	47),
(214,	'Et dolor debitis eum aliquam et.',	12),
(215,	'Unde iste reiciendis autem occaecati consectetur sint.',	98),
(216,	'Nihil quia perspiciatis sed voluptatem quia eum.',	24),
(217,	'Ullam facilis qui enim recusandae.',	81),
(218,	'Iure expedita qui id commodi provident numquam.',	21),
(219,	'Delectus non repudiandae voluptas illum mollitia dolore est.',	87),
(220,	'Adipisci dolor itaque sit quia voluptatem.',	98),
(221,	'Laudantium et aut porro.',	64),
(222,	'Dolorem tempora facere ut vel iusto ea.',	44),
(223,	'Placeat sequi sit magnam soluta error doloremque.',	70),
(224,	'Perspiciatis voluptatem ab saepe aut in.',	45),
(225,	'Quae totam odio non culpa.',	65),
(226,	'Quam qui consequatur ipsum aperiam soluta excepturi.',	50),
(227,	'Incidunt ratione quas laudantium nemo.',	90),
(228,	'Ratione laborum provident ex itaque nesciunt omnis ea.',	95),
(229,	'Velit repellendus alias error consequuntur est.',	21),
(230,	'Sunt autem accusantium fuga veniam rem qui.',	30),
(231,	'Velit et sed quod quod.',	44),
(232,	'Non consequatur et aut et.',	40),
(233,	'Voluptas nostrum dignissimos autem et quae id.',	43),
(234,	'Corrupti odit aut eveniet et maxime illum facere.',	45),
(235,	'Id omnis dolores beatae labore.',	23),
(236,	'Ut aut et dolore ex voluptatem itaque est.',	43),
(237,	'Et possimus nobis dolorem tempore.',	79),
(238,	'Adipisci similique commodi quasi reprehenderit.',	89),
(239,	'Asperiores quia deserunt aliquam sit ut modi.',	70),
(240,	'Commodi ex eaque pariatur consequatur.',	26),
(241,	'Molestiae et vel accusantium rerum repellendus.',	72),
(242,	'Modi ut alias eligendi quod aut impedit.',	89),
(243,	'Omnis dolor rem earum quia dignissimos.',	18),
(244,	'Excepturi porro nobis autem non odio.',	71),
(245,	'Officiis aut consequatur odio consequatur adipisci velit.',	53),
(246,	'Repellendus quidem voluptatem nihil eos qui distinctio.',	41),
(247,	'Debitis et laudantium dignissimos ut assumenda.',	48),
(248,	'Est eos eaque eaque neque voluptatem sit.',	37),
(249,	'Doloribus deserunt explicabo magni facere.',	59),
(250,	'Iusto deleniti pariatur illum.',	55),
(251,	'Ea ea animi similique eius veritatis.',	64),
(252,	'Et ipsam sint aperiam cupiditate aut.',	14),
(253,	'Quisquam est harum quis est aspernatur.',	30),
(254,	'Ex sapiente sit nam non voluptatem.',	69),
(255,	'Et sed sit sit aut et eius consequatur.',	60),
(256,	'Explicabo numquam ipsa laboriosam libero sint.',	63),
(257,	'Minima quisquam sed quae ipsam et cumque temporibus.',	47),
(258,	'Ipsa nisi nulla dicta expedita.',	90),
(259,	'Et quaerat maxime omnis qui.',	24),
(260,	'Dolores exercitationem aperiam quis accusantium.',	68),
(261,	'Incidunt fugiat beatae beatae ut itaque.',	72),
(262,	'Velit optio iure velit voluptates.',	15),
(263,	'Esse nemo ea totam expedita.',	25),
(264,	'Quia natus vel consequatur dicta autem et similique.',	99),
(265,	'Omnis dolor et minima voluptatem sit blanditiis doloremque.',	19),
(266,	'Voluptatem eos commodi eos molestiae ex.',	24),
(267,	'Enim nulla ex et sint assumenda earum.',	3),
(268,	'Iure voluptatem quia iure error.',	37),
(269,	'Ut autem exercitationem eos amet nemo quis quae qui.',	49),
(270,	'Veritatis omnis in illo est eveniet qui.',	72),
(271,	'Enim earum officia sint rem facere.',	88),
(272,	'In molestiae dignissimos sed quis omnis.',	96),
(273,	'Et velit quis aut reiciendis accusantium dolorum sit.',	23),
(274,	'Harum est quisquam eius officia et consequatur.',	38),
(275,	'Voluptatem in doloribus voluptas nostrum nulla.',	93),
(276,	'Sed cumque nihil et quidem explicabo numquam quidem.',	83),
(277,	'Incidunt est ipsam et et vel sit.',	68),
(278,	'Omnis sequi dolores alias culpa tenetur ut.',	51),
(279,	'Voluptate reprehenderit maxime corrupti laudantium.',	83),
(280,	'Architecto et temporibus libero eveniet.',	86),
(281,	'Beatae eveniet autem rem vel ad aut exercitationem.',	99),
(282,	'Autem non quibusdam rem est beatae voluptatum et.',	26),
(283,	'Reprehenderit ad quis aut tenetur consequatur tenetur earum aliquam.',	84),
(284,	'Praesentium quam et nesciunt autem natus non voluptatum.',	34),
(285,	'Et ut perspiciatis fugiat.',	68),
(286,	'Enim quia quis inventore.',	17),
(287,	'Ut praesentium optio et tempore doloremque.',	32),
(288,	'Magnam est velit aut corporis minus.',	100),
(289,	'Omnis eos illum ab incidunt id aliquid aliquid.',	71),
(290,	'Amet quidem illo illo maxime maxime rerum.',	88),
(291,	'Cupiditate et totam sit in.',	54),
(292,	'Recusandae quisquam labore est libero quia omnis.',	70),
(293,	'Animi ea fugit minus explicabo odio aut.',	11),
(294,	'Vero libero qui illum.',	93),
(295,	'Dolorem vero quasi dolorem nulla sint est.',	57),
(296,	'Architecto illo ea saepe nulla et.',	74),
(297,	'Aut tempora sequi quidem possimus eum et omnis.',	2),
(298,	'Corrupti eaque omnis aspernatur sit nulla.',	75),
(299,	'Pariatur sed velit numquam natus.',	9),
(300,	'Et voluptate odit aliquid explicabo.',	52),
(301,	'Est et facilis aliquid aut ullam.',	47),
(302,	'Amet laboriosam et impedit totam voluptatem sed quam.',	43),
(303,	'In voluptatem eligendi eos quae dolore assumenda.',	40),
(304,	'Architecto aut ex consequatur amet.',	50),
(305,	'Est animi optio sunt.',	70),
(306,	'Vel nesciunt facere cupiditate ullam totam animi possimus possimus.',	99),
(307,	'Aut autem omnis sint sit in dicta.',	26),
(308,	'Harum molestiae vero et possimus hic.',	64),
(309,	'Nobis officia et laboriosam expedita dolorem corporis dicta.',	8),
(310,	'Amet laborum at expedita quos.',	80),
(311,	'Molestias unde maxime dolor recusandae.',	81),
(312,	'Vel voluptatibus est incidunt et.',	99),
(313,	'Odio dolor quia sit qui in.',	69),
(314,	'Ut tempore placeat ut praesentium nihil harum.',	98),
(315,	'Sed eius nihil qui fugit eveniet.',	56),
(316,	'Sint similique enim quia molestias quod.',	30),
(317,	'Voluptate nostrum consequatur amet sequi non.',	71),
(318,	'Accusamus officia itaque et dolores harum.',	53),
(319,	'Maxime sequi reiciendis id.',	84),
(320,	'Enim molestiae sunt nulla placeat reprehenderit.',	91),
(321,	'Rem nesciunt voluptatibus architecto ut praesentium dolorem ipsum.',	16),
(322,	'Magni neque omnis et ut voluptatem nisi.',	17),
(323,	'Reprehenderit unde vitae provident accusantium illum qui voluptatum suscipit.',	80),
(324,	'Aspernatur omnis rerum aspernatur saepe ut.',	33),
(325,	'Assumenda qui error hic veniam ipsum.',	15),
(326,	'Ducimus accusamus et dolore dolor sapiente nostrum.',	86),
(327,	'Eligendi velit qui praesentium sed et perferendis dicta.',	14),
(328,	'Sed dolorem laborum quia veniam.',	5),
(329,	'Vel voluptatum sint corporis qui sit.',	20),
(330,	'A exercitationem similique corrupti rem rerum explicabo.',	4),
(331,	'Et dicta esse quaerat sed molestiae qui.',	48),
(332,	'Iusto dolor pariatur culpa expedita exercitationem id ad.',	35),
(333,	'Officiis qui hic labore voluptas maxime voluptatibus temporibus.',	84),
(334,	'Sit amet porro fugiat eligendi deserunt aspernatur qui.',	59),
(335,	'Aut accusamus accusantium eum sint.',	45),
(336,	'Voluptates natus aut fuga dignissimos excepturi distinctio.',	49),
(337,	'Omnis explicabo tempore assumenda nulla culpa sit.',	19),
(338,	'Cum a provident quia sint vero in necessitatibus.',	74),
(339,	'Deleniti ab cupiditate natus dolorem voluptatibus cum.',	94),
(340,	'Sapiente laudantium vero sunt.',	65),
(341,	'Nostrum quas laborum totam nobis aliquam.',	4),
(342,	'Earum qui ex eos suscipit assumenda quas.',	61),
(343,	'Numquam cumque illo corporis omnis et.',	94),
(344,	'Amet ut aperiam molestiae et qui vel.',	91),
(345,	'Dolores molestiae consequuntur debitis id velit sequi delectus.',	19),
(346,	'Eum fugit nulla laborum ex quia praesentium et.',	99),
(347,	'Quos repellendus unde et error.',	8),
(348,	'Saepe ad fugiat culpa velit mollitia.',	86),
(349,	'Voluptatem velit et iusto provident excepturi odio.',	15),
(350,	'Accusamus tempore enim possimus voluptas vero ab.',	38),
(351,	'Accusamus aliquam cupiditate facilis provident.',	94),
(352,	'Dignissimos eum in voluptatem.',	75),
(353,	'Illo provident a veritatis distinctio modi.',	8),
(354,	'Ut consequuntur labore unde aut natus iure nisi.',	80),
(355,	'Consequuntur doloremque dolorem sint provident quae.',	48),
(356,	'Illum explicabo natus eum sunt.',	42),
(357,	'Facilis dicta qui voluptas occaecati deleniti.',	14),
(358,	'Ab vero ullam doloremque.',	3),
(359,	'Aut eos consectetur qui molestiae accusantium.',	86),
(360,	'Architecto laboriosam temporibus ipsam omnis numquam at voluptas.',	15),
(361,	'Asperiores voluptatem voluptatibus aspernatur ipsa.',	96),
(362,	'Unde exercitationem eaque voluptas adipisci deserunt eos.',	52),
(363,	'Ipsam sit et sunt veritatis.',	27),
(364,	'A voluptates eos nam voluptatem sunt saepe autem in.',	96),
(365,	'Qui ut occaecati praesentium sit et enim culpa.',	45),
(366,	'Ducimus impedit quo vel laudantium modi.',	96),
(367,	'Est similique necessitatibus similique nesciunt quaerat.',	32),
(368,	'Facere amet harum suscipit dolores rem.',	12),
(369,	'Ut quia quo sit atque illo consectetur rem.',	58),
(370,	'Excepturi deserunt qui libero omnis.',	33),
(371,	'Explicabo hic sit temporibus eum.',	28),
(372,	'Quo blanditiis nostrum deserunt libero.',	27),
(373,	'Qui debitis voluptas aut eius animi temporibus.',	26),
(374,	'Quo quo officiis atque voluptatem.',	15),
(375,	'Quia voluptatem sit atque omnis ratione nisi ut.',	10),
(376,	'Vel dolor saepe officiis illo quasi libero vel.',	92),
(377,	'Est et est odit delectus et voluptas repellat.',	86),
(378,	'Ut sapiente voluptas qui.',	18),
(379,	'Voluptas voluptas soluta sapiente blanditiis perferendis.',	31),
(380,	'Aut aut omnis sunt aspernatur nulla voluptatem magni.',	74),
(381,	'Aperiam nostrum est qui aliquid vel est numquam facere.',	55),
(382,	'Provident ipsam quibusdam provident reiciendis.',	13),
(383,	'Aliquam consequatur alias earum et.',	37),
(384,	'Ad consequuntur ut eos dolorem quasi est quia.',	40),
(385,	'Et consequatur exercitationem perferendis et.',	68),
(386,	'Aut iusto fugiat ex vero accusamus et quia.',	50),
(387,	'Nulla sunt quam sed atque reiciendis nihil possimus libero.',	90),
(388,	'A et earum dolor cumque et voluptatum velit.',	68),
(389,	'Debitis aut perferendis quaerat adipisci earum recusandae sed.',	28),
(390,	'Voluptates rerum veniam esse quas et eum.',	18),
(391,	'Autem et maiores deserunt rerum ad animi accusamus.',	88),
(392,	'Saepe sequi eos earum.',	94),
(393,	'Explicabo quis quod quo sunt quam molestias suscipit.',	43),
(394,	'Expedita corrupti quas necessitatibus molestiae consequatur.',	86),
(395,	'Aut qui veritatis voluptatum reiciendis facere doloremque.',	81),
(396,	'Rerum corrupti et sit quisquam in laborum.',	55),
(397,	'Animi quidem accusamus iure eum eligendi dolores ut.',	11),
(398,	'Quae numquam omnis reiciendis ullam illo incidunt voluptate.',	90),
(399,	'Numquam voluptates occaecati ea saepe sunt autem facere.',	29),
(400,	'Veniam aut non quo soluta vitae.',	61),
(401,	'Et eum rerum magni nihil nemo.',	87),
(402,	'Animi dolorem cum perspiciatis provident nam est ut.',	85),
(403,	'Placeat sint quisquam repudiandae tempora necessitatibus velit ut.',	19),
(404,	'Accusamus aliquid facilis et sunt.',	17),
(405,	'Atque reiciendis saepe aut pariatur est distinctio hic.',	61),
(406,	'Sed laboriosam suscipit quia voluptatem non repellendus animi.',	61),
(407,	'Quia consequuntur odio earum eius iste.',	28),
(408,	'Fuga dolorem quia rem.',	74),
(409,	'Voluptatem sint sunt voluptatem voluptatem adipisci.',	13),
(410,	'Incidunt maxime quos officia velit.',	71),
(411,	'Facilis aliquid et vero.',	59),
(412,	'Mollitia officiis est minima excepturi et id.',	18),
(413,	'Corporis et officia aut qui error sit.',	100),
(414,	'Expedita voluptatem voluptas reiciendis labore ratione laboriosam.',	13),
(415,	'Et vitae quo repellendus nihil.',	85),
(416,	'Doloremque accusantium et est ducimus molestiae quasi aut qui.',	99),
(417,	'Et in necessitatibus consequatur iste.',	35),
(418,	'Commodi numquam cupiditate et ex.',	53),
(419,	'Officia autem in aut quidem.',	92),
(420,	'Eveniet ducimus ab consectetur consequatur voluptas explicabo qui.',	72),
(421,	'Sunt reprehenderit ut explicabo neque.',	64),
(422,	'Alias atque nulla aliquid.',	47),
(423,	'Ipsa numquam tempore non tempora minima.',	15),
(424,	'Nam quibusdam quis necessitatibus saepe.',	72),
(425,	'Porro et quia ut consequatur ipsum dolore.',	57),
(426,	'Ipsa et eaque velit voluptate incidunt.',	49),
(427,	'Nisi delectus corrupti ea omnis.',	96),
(428,	'Ab sit ut consequatur iure numquam praesentium atque ea.',	29),
(429,	'Eum nobis vitae illo non enim voluptatibus blanditiis.',	53),
(430,	'Earum modi praesentium repudiandae voluptatibus sit.',	10),
(431,	'Et atque a odit inventore quia nam soluta consequatur.',	98),
(432,	'Qui quis fuga similique et debitis quibusdam.',	88),
(433,	'Et facere sit eos nihil.',	62),
(434,	'Nihil assumenda in qui explicabo dolorum sunt est.',	33),
(435,	'Cumque dolores quia est nemo nihil ut ut.',	89),
(436,	'Sapiente libero neque quis recusandae laudantium.',	35),
(437,	'Magnam adipisci magnam vel et doloremque dolor.',	66),
(438,	'Itaque ipsum illo dolor sunt est velit.',	8),
(439,	'Unde ex voluptatem voluptates aliquid vero.',	92),
(440,	'Quas quisquam architecto et ab.',	59),
(441,	'Quas sunt excepturi eos vel.',	38),
(442,	'Laborum aut sint qui voluptate placeat quod illum voluptatum.',	4),
(443,	'Veniam nesciunt deleniti sunt perferendis blanditiis.',	76),
(444,	'At corrupti temporibus est dolore rerum.',	47),
(445,	'Nihil suscipit dolores iure commodi quae dolorem quod.',	75),
(446,	'Ullam est velit fugit consequatur quos voluptatibus cum.',	9),
(447,	'Necessitatibus consectetur est non ea error et.',	49),
(448,	'Sit facilis impedit expedita iusto.',	1),
(449,	'Voluptate in magnam et ipsa.',	36),
(450,	'Sed perspiciatis architecto fuga voluptatem enim sunt ut vel.',	30),
(451,	'Illum sunt aliquam ipsum in.',	72),
(452,	'Voluptatibus quo at at repellendus.',	48),
(453,	'Aut ea illum rerum.',	32),
(454,	'Corrupti ullam et qui sed.',	76),
(455,	'Et tenetur et tempora quia excepturi asperiores placeat.',	19),
(456,	'Culpa dolorem dolor ut dolorem.',	100),
(457,	'Accusantium eligendi accusamus aut est aliquid reprehenderit.',	99),
(458,	'Nemo molestiae nobis ut repellat quod.',	88),
(459,	'Laudantium error dicta cupiditate.',	66),
(460,	'Possimus maiores quibusdam voluptatem aperiam non vitae.',	30),
(461,	'Accusamus sed sapiente cum laboriosam molestiae minima et.',	67),
(462,	'Et aperiam similique eum nulla saepe voluptate.',	18),
(463,	'Omnis sapiente dolor non perferendis consequatur nobis corrupti.',	53),
(464,	'Illum culpa neque praesentium tempora sed.',	20),
(465,	'Modi quas sequi numquam ullam nisi reprehenderit natus ipsam.',	100),
(466,	'Fuga natus velit assumenda aliquid voluptates dolores.',	37),
(467,	'Ullam sed facere pariatur dignissimos dolorum id.',	24),
(468,	'Exercitationem velit et delectus et reprehenderit reprehenderit.',	79),
(469,	'Nemo voluptas sint libero itaque est provident.',	64),
(470,	'Et est maxime fugiat repudiandae consequuntur.',	81),
(471,	'Voluptatum consequatur qui aut ex dolorem.',	84),
(472,	'Magnam perspiciatis odit quia sunt repellat architecto in.',	71),
(473,	'Est praesentium eos accusantium ea aut debitis et.',	80),
(474,	'Id ex quae molestias voluptate architecto maiores animi quae.',	87),
(475,	'Aliquid dolorem libero quaerat.',	65),
(476,	'Earum quam dolorem omnis id.',	83),
(477,	'Ut tenetur excepturi maxime sapiente.',	52),
(478,	'Similique dolore ut incidunt aliquam.',	84),
(479,	'Veniam eos amet fugit eos eos reiciendis aliquam.',	46),
(480,	'Qui aliquid quam reiciendis unde.',	71),
(481,	'Non voluptatibus praesentium aut perspiciatis.',	99),
(482,	'Pariatur ratione sed non voluptates repudiandae.',	48),
(483,	'Voluptas aliquid veritatis repudiandae numquam ex dignissimos beatae neque.',	23),
(484,	'Tempore dolor voluptatem ea quo voluptatem doloribus est.',	45),
(485,	'Omnis in corporis architecto tempora ex.',	71),
(486,	'Quidem molestiae sit autem officiis distinctio.',	84),
(487,	'Sed impedit sed aut nulla.',	4),
(488,	'Quisquam sed quae sapiente.',	32),
(489,	'Velit ut et voluptatem magni.',	22),
(490,	'Commodi est blanditiis modi consequatur sed.',	51),
(491,	'Repudiandae incidunt sint et commodi dignissimos voluptates quis laudantium.',	13),
(492,	'Saepe quasi aliquam dolorem natus rerum.',	86),
(493,	'Dolorem et a maxime voluptate veniam.',	62),
(494,	'Porro non quibusdam dolores nostrum.',	21),
(495,	'Quia unde dolorem voluptatem veritatis voluptatibus sint.',	53),
(496,	'Nihil reiciendis beatae non molestiae nesciunt nostrum.',	49),
(497,	'Sed dignissimos ut qui quaerat fugiat autem.',	67),
(498,	'Aut nostrum labore minus doloremque dolores.',	47),
(499,	'Excepturi eius enim voluptas consequatur similique autem.',	82),
(500,	'Assumenda qui est ad reprehenderit qui voluptatem non ipsam.',	57),
(501,	'Autem odio quasi facere expedita.',	69),
(502,	'Beatae enim sed odit aut veritatis molestiae vitae.',	43),
(503,	'Praesentium voluptatibus iste quam vel sunt qui ipsum ut.',	33),
(504,	'Aliquid et id minima.',	54),
(505,	'Et fugit fugit autem et.',	77),
(506,	'Nam libero facilis et quas qui necessitatibus.',	31),
(507,	'Blanditiis sit adipisci minima et sint.',	2),
(508,	'Maxime sint tempora neque qui necessitatibus.',	56),
(509,	'Laboriosam corrupti quia et corporis perferendis.',	42),
(510,	'Asperiores nam dolorum quidem quo sed rerum.',	35),
(511,	'Occaecati voluptate error id molestiae qui necessitatibus.',	88),
(512,	'Asperiores aut rem tempore fuga odit.',	42),
(513,	'Voluptas aut dolores fugiat mollitia porro.',	78),
(514,	'Asperiores voluptatem quod suscipit error sed quis animi.',	94),
(515,	'Repellendus est dolores qui quaerat sapiente cumque.',	66),
(516,	'Officia voluptatem non eos et.',	44),
(517,	'Alias sit eligendi harum dolorem eveniet rerum.',	79),
(518,	'Et corrupti magnam facere sit nesciunt voluptatem voluptatem.',	10),
(519,	'Adipisci culpa eos dolores molestias eos a voluptatum.',	59),
(520,	'Officia laboriosam fugit ut eos recusandae sunt necessitatibus reprehenderit.',	30),
(521,	'Optio tempora occaecati sed magni est aut.',	81),
(522,	'Facere suscipit quam quod tempore blanditiis repellat.',	36),
(523,	'Consequatur quis nisi sit possimus molestias itaque.',	28),
(524,	'Cupiditate ad est quod aut quo nesciunt incidunt.',	94),
(525,	'Autem quam est provident.',	15),
(526,	'Dolores ullam ducimus quis non id aut amet cupiditate.',	2),
(527,	'Sed repellat doloremque magnam esse suscipit porro.',	60),
(528,	'Iure dolorem soluta deleniti adipisci distinctio ea nisi.',	52),
(529,	'Totam molestias suscipit nulla consequuntur omnis.',	61),
(530,	'Ullam non accusamus dolores debitis fugiat voluptas animi.',	4),
(531,	'Sed molestias culpa earum sit et.',	45),
(532,	'Totam dicta iusto provident placeat sequi.',	15),
(533,	'Dicta praesentium magnam distinctio sunt odio.',	87),
(534,	'Ex eos nihil adipisci tempore beatae doloribus ab.',	84),
(535,	'Consequatur inventore consequuntur ea et nihil quia.',	18),
(536,	'Quo minus necessitatibus magnam eum.',	69),
(537,	'Illo totam deserunt libero.',	72),
(538,	'Illo id saepe aut necessitatibus exercitationem dolores.',	30),
(539,	'Necessitatibus unde omnis natus est dolor iusto voluptas.',	70),
(540,	'Ab nisi in pariatur sapiente sed maxime.',	32),
(541,	'Possimus natus accusantium quia reprehenderit ipsum veniam.',	90),
(542,	'Debitis adipisci natus voluptatem magnam.',	47),
(543,	'Sequi in distinctio praesentium consequuntur sunt.',	93),
(544,	'Nihil ex aut et tempora voluptas itaque asperiores ab.',	20),
(545,	'Voluptas mollitia in quisquam repellendus id iste ea ex.',	3),
(546,	'Facere nihil est esse explicabo aut neque velit.',	41),
(547,	'Sapiente earum nostrum ratione laboriosam.',	26),
(548,	'Cupiditate dolorem sunt adipisci debitis aut.',	64),
(549,	'Modi explicabo quia perferendis qui in consectetur.',	85),
(550,	'Quibusdam facere non in unde autem.',	89),
(551,	'Vel atque dolorem quam ut est voluptatem.',	56),
(552,	'Rerum et consequuntur quia quasi eos voluptatum consectetur.',	98),
(553,	'Asperiores illum dolor incidunt recusandae veritatis.',	2),
(554,	'Eius minima delectus maiores ea quia.',	85),
(555,	'Ut veniam alias quo.',	2),
(556,	'Et provident et laborum excepturi enim voluptatem sint.',	31),
(557,	'Molestiae nostrum repellat harum et repellendus blanditiis assumenda.',	19),
(558,	'Sit distinctio eveniet sed.',	94),
(559,	'Suscipit consequatur delectus exercitationem quis itaque.',	5),
(560,	'Maiores dignissimos blanditiis consequuntur dolor dolorum.',	79),
(561,	'Qui voluptatem velit aliquam et.',	41),
(562,	'Et id repudiandae aut dolor dolores et et.',	24),
(563,	'Quia et ut fuga debitis et.',	42),
(564,	'Minus cum quisquam modi tempora atque fugiat.',	66),
(565,	'In quia maxime autem ducimus libero et ea.',	37),
(566,	'Quis necessitatibus error expedita tempora dolores.',	25),
(567,	'Maxime quis illo rerum adipisci recusandae.',	41),
(568,	'Veniam enim ad tenetur omnis sequi cupiditate fuga.',	83),
(569,	'Fuga dolores nostrum maiores animi qui dignissimos id commodi.',	74),
(570,	'Sit magni qui molestiae necessitatibus illum.',	24),
(571,	'Ut aut quos consectetur est.',	32),
(572,	'Adipisci assumenda molestias non eum eos perferendis molestiae.',	78),
(573,	'Dolor et numquam a aut veritatis voluptatum.',	75),
(574,	'Culpa modi deserunt laborum maiores quasi quae rerum.',	53),
(575,	'Nemo reiciendis et asperiores eveniet.',	7),
(576,	'Eos et voluptatem consequatur praesentium culpa eum.',	91),
(577,	'Culpa et totam modi natus ut necessitatibus veniam.',	2),
(578,	'Et aliquid voluptas aut aut earum odit sint.',	43),
(579,	'Facilis illo molestias sit architecto adipisci ut sit.',	60),
(580,	'Veniam fugit veniam perspiciatis corporis sunt earum.',	57),
(581,	'Quisquam totam ut consequuntur sunt explicabo est.',	100),
(582,	'Ut sed eius beatae molestiae cum cum ut.',	87),
(583,	'Culpa et est atque quibusdam numquam facere repellat nam.',	44),
(584,	'Et quisquam aut temporibus sed odit voluptates.',	5),
(585,	'Ratione nostrum minus voluptas non ab soluta.',	30),
(586,	'Corporis et consequatur tenetur qui earum iure aut quaerat.',	90),
(587,	'Pariatur consequatur vel harum aut.',	27),
(588,	'Aspernatur eligendi dolor distinctio.',	37),
(589,	'Adipisci itaque repellat consequatur atque fugiat.',	6),
(590,	'Qui officiis voluptas sed consequatur voluptatem qui.',	74),
(591,	'Ullam dolorem ducimus eos.',	5),
(592,	'Cupiditate voluptas sint voluptatem ullam voluptas magni magnam.',	29),
(593,	'Nihil dignissimos dignissimos est consequatur nam eligendi.',	82),
(594,	'Minima ut commodi est voluptatem voluptatem cum.',	100),
(595,	'Enim dolorum soluta nam voluptatum.',	10),
(596,	'Porro quo unde voluptatibus autem.',	100),
(597,	'At maxime culpa aperiam voluptatibus.',	89),
(598,	'Doloremque libero temporibus eius quia corrupti atque.',	23),
(599,	'Necessitatibus non vero dignissimos maxime quo.',	84),
(600,	'Assumenda aut iure architecto facere.',	33),
(601,	'Vitae architecto quae numquam expedita et sit.',	64),
(602,	'Tempora illo quis sunt soluta odio.',	94),
(603,	'A ut id veniam quam sint.',	81),
(604,	'Vel deleniti sit velit enim.',	91),
(605,	'Eveniet necessitatibus maxime fugit aperiam officia.',	10),
(606,	'Totam explicabo ad vero iusto autem.',	87),
(607,	'Fugiat sunt alias omnis aliquid dignissimos in vel.',	55),
(608,	'Expedita corporis minima sit corrupti ut.',	47),
(609,	'Est necessitatibus consectetur quia non animi ut sunt.',	83),
(610,	'Quasi quisquam non illo.',	53),
(611,	'Corrupti dolorem cum harum dolorem dolorum natus odit.',	54),
(612,	'Nisi aliquam molestiae voluptas neque ex.',	75),
(613,	'Corporis quas suscipit sint eum quasi nobis earum debitis.',	28),
(614,	'Sequi nisi amet quis maiores quos sed.',	56),
(615,	'Voluptatem exercitationem reiciendis accusantium quas laudantium non qui dolor.',	97),
(616,	'Et totam maxime suscipit non harum.',	67),
(617,	'Culpa non et et voluptatem doloremque.',	60),
(618,	'Sed illum quis omnis sit.',	77),
(619,	'Atque ut esse temporibus modi.',	25),
(620,	'Quaerat eum doloribus eveniet corrupti aliquam voluptatem.',	55),
(621,	'In sit maxime quos provident quo.',	5),
(622,	'Odio voluptatem unde quo eum odit et.',	45),
(623,	'Qui error praesentium dolores illum eius ut quasi est.',	87),
(624,	'Explicabo necessitatibus minima rerum aut nobis quo.',	37),
(625,	'Doloremque voluptatem sunt reiciendis perferendis ducimus perferendis deleniti.',	15),
(626,	'Sit sequi est consequatur iure perferendis dolorem temporibus.',	39),
(627,	'Officia quidem corrupti assumenda temporibus accusamus non.',	64),
(628,	'Ut recusandae tempora ut quia harum et hic.',	51),
(629,	'Voluptate corrupti tempora cumque deserunt.',	88),
(630,	'Aut impedit numquam sed.',	57),
(631,	'Nisi nam et at quod tempora.',	80),
(632,	'Et eligendi fuga sequi voluptates.',	77),
(633,	'Et qui illo alias laborum aut sit.',	14),
(634,	'Asperiores omnis et quod quia sit voluptatem.',	65),
(635,	'Repellendus corporis iste amet architecto.',	6),
(636,	'Dolores rerum et qui aut atque.',	1),
(637,	'Quibusdam sed blanditiis aut.',	76),
(638,	'Ut earum iure illum qui facere.',	88),
(639,	'Quia vel et rem.',	18),
(640,	'Voluptatem iusto voluptas sed cupiditate dolore earum ad.',	94),
(641,	'Quae asperiores ea ipsam.',	1),
(642,	'Esse est illum est aut consequuntur dicta consequatur.',	55),
(643,	'Consequatur qui aut iure corporis et optio.',	9),
(644,	'Architecto magni voluptatem quaerat molestias voluptatem ullam perferendis.',	4),
(645,	'Nulla voluptatum nesciunt quod quisquam fugiat blanditiis rerum temporibus.',	22),
(646,	'Voluptate dolores dolores sit qui reprehenderit enim dolor.',	51),
(647,	'Excepturi quos quod aspernatur ut.',	12),
(648,	'Dolores quis et hic architecto.',	74),
(649,	'Nostrum ea inventore repellat tempora voluptate voluptas sint.',	32),
(650,	'Totam saepe debitis fuga tenetur.',	22),
(651,	'Sunt hic quod iure placeat porro vel est.',	84),
(652,	'Aliquam quia eveniet odit exercitationem.',	63),
(653,	'Nemo quibusdam inventore et non id architecto.',	27),
(654,	'Ex impedit dolores et exercitationem est ratione.',	51),
(655,	'Laborum non molestias fugiat saepe.',	67),
(656,	'Non quis et itaque quos quis temporibus iste.',	57),
(657,	'Quae velit doloremque ut sed quis id.',	43),
(658,	'Vel non et unde numquam commodi.',	90),
(659,	'Qui eveniet aspernatur nobis.',	69),
(660,	'Commodi aliquid labore id adipisci sint animi.',	72),
(661,	'Aut quidem quibusdam omnis fugiat doloremque sunt sequi.',	99),
(662,	'Sapiente labore dignissimos vitae quia dolores.',	44),
(663,	'In et qui architecto sunt.',	41),
(664,	'Officiis ut voluptas sint fugit ab veniam aut.',	11),
(665,	'Quia dicta aliquam pariatur autem harum.',	96),
(666,	'Repudiandae id enim quam molestiae et et nulla.',	66),
(667,	'Quasi at veritatis ipsum mollitia.',	26),
(668,	'Praesentium repellendus fugit non voluptatum quis ex eveniet.',	62),
(669,	'Voluptas eum necessitatibus sit officia sunt explicabo sint.',	26),
(670,	'Dolorem id laborum molestiae voluptatibus molestiae et ratione.',	61),
(671,	'Distinctio et occaecati velit aspernatur.',	69),
(672,	'Ullam ratione animi perferendis eum quas a enim maiores.',	6),
(673,	'Deserunt et voluptas eaque.',	86),
(674,	'Aperiam recusandae animi minus magnam quaerat non.',	59),
(675,	'Hic voluptatem totam dolorum itaque molestiae repellendus voluptas.',	44),
(676,	'Consectetur libero iusto mollitia accusantium et.',	3),
(677,	'Omnis vero qui ea quibusdam.',	66),
(678,	'Eum et officiis voluptatem numquam sint libero nobis.',	76),
(679,	'Consequatur rerum similique voluptatum eum aspernatur dignissimos odio non.',	20),
(680,	'Error nesciunt ipsum quis non natus a.',	18),
(681,	'Cupiditate rerum quia aliquam cupiditate.',	79),
(682,	'Sint tenetur ut impedit.',	78),
(683,	'Ab debitis quidem facere sint rem.',	59),
(684,	'Architecto quo beatae et et quae provident ipsum.',	36),
(685,	'Provident et nihil aut.',	28),
(686,	'Dolor dolore voluptatibus odit.',	52),
(687,	'Quia consequatur aut temporibus facere omnis modi.',	34),
(688,	'Aut sed omnis tenetur pariatur placeat nihil.',	11),
(689,	'Aliquam enim omnis delectus commodi animi.',	64),
(690,	'Quia iste voluptatem nihil error eveniet doloremque.',	29),
(691,	'Vel quidem tempore ducimus.',	69),
(692,	'Dicta labore aliquid et molestiae perspiciatis velit quibusdam modi.',	90),
(693,	'Possimus et dicta similique et.',	56),
(694,	'Earum quo iure voluptatem eum quibusdam.',	26),
(695,	'Inventore sequi nihil suscipit.',	55),
(696,	'Eius harum temporibus aut et.',	29),
(697,	'Mollitia labore enim tempore dolorem reprehenderit sequi molestiae.',	67),
(698,	'Illo est quam quibusdam sapiente.',	92),
(699,	'Voluptatem adipisci rerum enim molestiae.',	79),
(700,	'Voluptatem vitae perferendis illo nihil voluptatem quia illo.',	93),
(701,	'Facere impedit aliquid nihil praesentium in.',	12),
(702,	'Qui aliquid natus cupiditate sint et neque iste.',	83),
(703,	'Doloribus et labore placeat laboriosam.',	86),
(704,	'Ipsum nihil debitis sed.',	42),
(705,	'Accusamus itaque ut accusamus aut autem est inventore omnis.',	86),
(706,	'Voluptatem et eum voluptas laborum ut enim necessitatibus.',	25),
(707,	'Quia sit non omnis eligendi aut ea.',	75),
(708,	'Blanditiis non tempore accusantium minima accusantium.',	45),
(709,	'Incidunt reprehenderit esse praesentium animi in porro voluptas.',	84),
(710,	'Alias non nulla neque qui et consectetur omnis.',	38),
(711,	'Perferendis magnam at quod assumenda id.',	88),
(712,	'Voluptatum rerum ullam possimus saepe.',	85),
(713,	'Veritatis sunt a officia et.',	29),
(714,	'Dignissimos molestias architecto laudantium ipsam.',	88),
(715,	'Officiis sint ab iste nam voluptas itaque.',	82),
(716,	'Illum ullam nobis nihil ullam.',	19),
(717,	'Rem distinctio rerum in sit minus modi.',	70),
(718,	'Laborum ut quis incidunt quis quas omnis maxime.',	84),
(719,	'Eaque velit dolores earum corporis accusantium est eos.',	64),
(720,	'Saepe est dignissimos dolorem voluptatem molestias.',	81),
(721,	'Doloribus itaque ut tempora.',	97),
(722,	'Qui deleniti voluptas modi voluptas velit non saepe.',	90),
(723,	'Sit sequi dolorum aspernatur doloribus.',	91),
(724,	'Est laudantium reiciendis tempora excepturi possimus.',	59),
(725,	'Quia mollitia ut doloremque consequatur.',	19),
(726,	'Commodi officia rerum dolorum.',	78),
(727,	'Qui sed sunt quidem.',	42),
(728,	'Maxime est et aperiam aliquid vitae.',	71),
(729,	'Enim qui quis perspiciatis tenetur hic molestiae non.',	23),
(730,	'Temporibus consequatur soluta qui expedita.',	33),
(731,	'Aut molestias magni soluta quasi et.',	48),
(732,	'Consequatur est asperiores dolor ut velit veritatis est.',	9),
(733,	'Est voluptas qui aperiam id voluptatem libero.',	77),
(734,	'Qui rem quia dignissimos ipsam saepe sint et minus.',	76),
(735,	'Dolores error est dolorem omnis.',	23),
(736,	'Ullam iusto sint dolorem sapiente.',	2),
(737,	'Adipisci pariatur quia dolore quisquam dolor fugiat non nemo.',	34),
(738,	'Quidem distinctio nihil aut eaque.',	57),
(739,	'Aut nam aliquid quas et qui iure.',	57),
(740,	'Perferendis dolor facilis qui.',	21),
(741,	'Deserunt voluptatum sint quidem maiores quia.',	15),
(742,	'Asperiores error eum ipsa temporibus ut.',	86),
(743,	'Quidem ut placeat vitae delectus sequi.',	29),
(744,	'Ut totam iusto minima molestias consequatur fugiat.',	12),
(745,	'Ut eum itaque sed.',	35),
(746,	'Non consectetur sed harum placeat eaque rerum et veritatis.',	41),
(747,	'Aliquid omnis illum quisquam eum.',	3),
(748,	'Aut reprehenderit qui quae voluptatibus nulla quo.',	16),
(749,	'Rerum minima voluptate sit ex enim ducimus ut.',	55),
(750,	'Dolor a voluptas soluta culpa ipsum eius.',	72),
(751,	'Officia omnis illo tempora sapiente et iure tempore.',	45),
(752,	'Explicabo unde similique facere unde.',	7),
(753,	'Dolore nihil distinctio voluptas veniam a qui voluptates.',	50),
(754,	'Hic soluta in sed dolores blanditiis.',	31),
(755,	'Ut maxime qui voluptatem.',	82),
(756,	'Nam doloremque occaecati sit incidunt voluptate nisi in.',	93),
(757,	'Vero voluptas ducimus iusto minima et.',	98),
(758,	'Rerum voluptas ipsam consectetur consequatur qui sunt.',	91),
(759,	'Qui dolorem eveniet hic consectetur.',	50),
(760,	'Hic natus fugit eum vel inventore voluptas nobis quae.',	51),
(761,	'Enim dolorum veritatis qui exercitationem quaerat at consequatur.',	1),
(762,	'Nam asperiores doloribus molestiae quaerat dolore amet recusandae neque.',	38),
(763,	'Alias quos nisi atque voluptas quis.',	4),
(764,	'Dolores iusto dolorem sed ratione.',	51),
(765,	'Provident quo nam quis et non.',	57),
(766,	'Explicabo impedit facere voluptatem.',	42),
(767,	'Velit pariatur ea et amet et quam.',	28),
(768,	'Mollitia dolores vel est beatae.',	30),
(769,	'Vel et cupiditate et aut aliquid repellat quia error.',	36),
(770,	'Accusantium possimus ducimus dignissimos consequatur dolores et quo qui.',	80),
(771,	'Cupiditate sapiente ratione repellat optio nulla sit.',	82),
(772,	'Autem vitae debitis et incidunt.',	76),
(773,	'Aliquam velit et quia debitis.',	51),
(774,	'Maiores sint commodi asperiores fuga dolores necessitatibus enim.',	27),
(775,	'Enim aut officia quaerat reiciendis id eos.',	75),
(776,	'Nisi dignissimos ut est sint ea.',	88),
(777,	'Laborum deserunt et qui consequuntur est sed quo.',	7),
(778,	'Et enim quos iste et doloremque alias sapiente.',	62),
(779,	'Accusantium repellat quas dolorum vel molestiae dolores.',	83),
(780,	'Vitae cupiditate dolorem possimus reiciendis.',	42),
(781,	'Vel necessitatibus quo quis sed voluptas debitis.',	1),
(782,	'Ut et laboriosam explicabo vel dicta magnam.',	92),
(783,	'Necessitatibus excepturi quas rem.',	85),
(784,	'Voluptatum quia neque doloremque omnis dolores.',	51),
(785,	'Qui exercitationem excepturi sint libero.',	58),
(786,	'Expedita tempora et nesciunt accusamus nobis assumenda qui aliquid.',	16),
(787,	'Perferendis velit earum sint excepturi atque animi velit.',	41),
(788,	'Ut suscipit commodi quis aspernatur non et.',	39),
(789,	'Quidem deleniti fugiat odio ratione doloribus.',	77),
(790,	'Non earum esse eos et.',	10),
(791,	'Rerum sed rem consequatur sapiente rerum incidunt est.',	56),
(792,	'Voluptatem quam aut magnam aliquam.',	59),
(793,	'Vel nostrum occaecati veniam consequatur rerum veniam aut.',	77),
(794,	'Velit ut fugit facilis id repellendus cum id in.',	58),
(795,	'Est ex repellendus et sit officiis libero.',	50),
(796,	'Quia ipsum rem quam.',	53),
(797,	'Libero neque aliquid rem nobis.',	49),
(798,	'Amet adipisci ab aut dolor ut aut alias.',	45),
(799,	'Non voluptas corporis est expedita vel.',	86),
(800,	'Sequi repudiandae consequatur ea vel nulla excepturi neque sunt.',	38),
(801,	'Sunt voluptas tempore in optio assumenda.',	38),
(802,	'Rerum fugiat aut sunt temporibus quis ducimus.',	8),
(803,	'Nam non quaerat laboriosam vitae.',	66),
(804,	'Debitis sunt quia soluta nulla tenetur quia quia.',	86),
(805,	'Ab labore natus vero facilis non tempore.',	77),
(806,	'Possimus consequatur repellat velit impedit deserunt.',	87),
(807,	'Ullam nostrum eum quas itaque ea voluptas autem.',	35),
(808,	'Fuga asperiores sunt illo soluta.',	37),
(809,	'Corrupti temporibus quia atque saepe consequatur omnis iure.',	48),
(810,	'Sapiente tempore voluptas eligendi velit deleniti facere officia.',	30),
(811,	'Non doloribus vel quia pariatur officiis.',	24),
(812,	'Eveniet quibusdam enim voluptatem consectetur.',	84),
(813,	'Et id blanditiis voluptas autem.',	100),
(814,	'Ut ratione doloribus dicta ad rerum et eum aperiam.',	2),
(815,	'Reiciendis ratione voluptates quis aut nisi.',	92),
(816,	'Voluptatem dolore aut explicabo occaecati.',	35),
(817,	'Vel voluptas ullam aperiam et et et.',	23),
(818,	'Sint atque quia veritatis vel saepe dolor blanditiis.',	3),
(819,	'Et maxime sequi sint excepturi assumenda quia mollitia.',	1),
(820,	'Sed aut et enim quis.',	53),
(821,	'Excepturi eos eius sunt veniam quidem.',	75),
(822,	'Voluptatum quas consectetur officia et quam nulla et.',	11),
(823,	'Nostrum et distinctio qui.',	47),
(824,	'Et quia blanditiis porro ullam sequi possimus aut.',	72),
(825,	'Culpa ut accusantium cumque et.',	62),
(826,	'Enim quibusdam voluptas ut necessitatibus ullam autem necessitatibus.',	64),
(827,	'Alias repudiandae explicabo ut qui.',	97),
(828,	'Dolores modi et corporis asperiores.',	94),
(829,	'Quasi quis natus iure saepe voluptatem impedit.',	40),
(830,	'Reiciendis quos earum quidem quod.',	12),
(831,	'Harum repellendus provident qui sint omnis iure.',	94),
(832,	'Accusantium ipsa accusantium est quia et eaque alias libero.',	39),
(833,	'Dolorem et dolores dolores suscipit.',	59),
(834,	'Consequatur et eius ab saepe ut nam nihil enim.',	48),
(835,	'Qui eaque sed consequuntur corporis deserunt facilis.',	88),
(836,	'Quo sint vitae dolor veritatis quisquam perspiciatis iste.',	72),
(837,	'Eum nihil sit magnam rerum tempore officiis sed id.',	61),
(838,	'Ea vitae laborum ipsum possimus.',	92),
(839,	'Voluptatem commodi enim vero ut aut repellat ut.',	82),
(840,	'Voluptatem aperiam cumque quaerat est.',	83),
(841,	'Qui quas architecto laborum nobis ullam quam.',	81),
(842,	'Voluptas veritatis placeat dolore sit ea pariatur laborum maiores.',	2),
(843,	'Vitae ratione non quia at rerum.',	12),
(844,	'Quae quod nam quia.',	10),
(845,	'Sint assumenda aut aut neque adipisci sed libero sint.',	2),
(846,	'Cumque exercitationem veniam sed quas ratione et.',	71),
(847,	'Quo doloribus at vero eligendi molestias vitae excepturi.',	58),
(848,	'Velit perspiciatis iste eos.',	9),
(849,	'Est nostrum sed ullam ut.',	68),
(850,	'Maiores ab dolorum eum laudantium dolor.',	49),
(851,	'Rerum quaerat qui enim ex.',	89),
(852,	'Quia omnis et quisquam.',	81),
(853,	'Perferendis ea delectus laborum vitae atque quibusdam et.',	32),
(854,	'Ut autem cum sint porro.',	22),
(855,	'Temporibus temporibus dolorem excepturi.',	60),
(856,	'Veniam quos quia ab et.',	32),
(857,	'Ea asperiores perspiciatis corrupti ex.',	70),
(858,	'Quaerat quod id tempore rem deleniti laborum modi.',	52),
(859,	'Deleniti unde nobis eaque vero consequatur sunt quae nam.',	97),
(860,	'Tempore maxime et veritatis maxime.',	87),
(861,	'Magnam rerum atque iste officia quia porro consectetur.',	13),
(862,	'Unde similique quod placeat aliquam eum.',	96),
(863,	'Aspernatur laboriosam veritatis quibusdam voluptatum corporis quos.',	58),
(864,	'Tenetur perspiciatis maxime et modi.',	41),
(865,	'Sit iste recusandae in qui delectus molestias repudiandae.',	15),
(866,	'Ullam esse alias nemo voluptatem quis sapiente et.',	67),
(867,	'Necessitatibus dignissimos quos perspiciatis ut minima sunt nulla.',	20),
(868,	'Consequatur incidunt laudantium est occaecati et.',	28),
(869,	'Accusantium voluptas non quisquam est.',	26),
(870,	'Dignissimos est quia et quia qui accusantium.',	45),
(871,	'Totam dicta amet ratione amet rerum sint et.',	28),
(872,	'Quaerat ab ea enim natus laborum.',	60),
(873,	'Non natus et porro atque sunt modi vitae natus.',	39),
(874,	'Corrupti voluptas sit sequi illum beatae dolorum consequatur.',	10),
(875,	'Tenetur quo similique voluptatem.',	90),
(876,	'Laboriosam et sint blanditiis iste velit aut voluptatem.',	17),
(877,	'Placeat praesentium aut repellat id laboriosam dolorem.',	5),
(878,	'Est nihil et quidem est labore perspiciatis.',	45),
(879,	'Quia accusamus at rerum nulla.',	41),
(880,	'Quisquam omnis dolores rerum quo delectus cupiditate.',	50),
(881,	'Et occaecati sint rerum eum.',	5),
(882,	'Laboriosam est et qui voluptas totam rerum voluptatibus alias.',	31),
(883,	'Quo eum unde et in voluptatem.',	57),
(884,	'Tempore illo veniam dolorem mollitia quis nostrum modi.',	76),
(885,	'Amet facilis est recusandae et.',	73),
(886,	'Eius vel expedita unde temporibus iste.',	62),
(887,	'Assumenda odit perspiciatis et neque incidunt.',	44),
(888,	'Et consequuntur dolores voluptas nulla qui.',	54),
(889,	'Debitis vel animi est omnis blanditiis quas possimus.',	8),
(890,	'Voluptas dolorem tenetur repellat odio eos.',	35),
(891,	'Id adipisci aperiam perspiciatis rerum quis.',	84),
(892,	'A in voluptas perspiciatis eaque nesciunt velit.',	37),
(893,	'Beatae eius ea debitis consequatur similique quod cum iusto.',	81),
(894,	'Mollitia consequuntur natus deleniti animi.',	5),
(895,	'Autem fugiat autem temporibus in consectetur minus earum natus.',	97),
(896,	'Qui eligendi sed aut aut repellat reiciendis.',	6),
(897,	'Qui quis rerum perspiciatis necessitatibus vel sunt.',	99),
(898,	'Tempore repellendus et repudiandae veniam.',	31),
(899,	'Est qui rem nihil nisi tenetur fugiat qui.',	15),
(900,	'Molestias dolorum voluptatibus aperiam aperiam et facere.',	20),
(901,	'Tempora possimus natus odio officiis debitis repellat vero et.',	76),
(902,	'Modi quo vel non facere quam quae libero.',	58),
(903,	'Est nam iure odit et.',	53),
(904,	'Expedita eius nisi est et cupiditate veritatis qui.',	56),
(905,	'Libero rerum ea voluptas labore pariatur ipsa.',	1),
(906,	'Consequatur fuga iste earum quia distinctio molestiae molestiae.',	25),
(907,	'Optio minima sed deleniti earum.',	66),
(908,	'Non nisi eum earum labore nihil ut quos.',	70),
(909,	'Molestiae nihil quasi doloremque facere harum.',	47),
(910,	'Suscipit similique ab hic qui non vitae aut.',	60),
(911,	'Facere facere laborum aut accusantium commodi.',	51),
(912,	'Iusto nemo omnis non pariatur et quia aut possimus.',	65),
(913,	'Non magni necessitatibus consequatur explicabo omnis consequatur.',	6),
(914,	'Consectetur molestias distinctio cum aperiam quia.',	70),
(915,	'Praesentium optio inventore omnis eveniet ratione at.',	9),
(916,	'Ut consectetur recusandae eos ex rerum.',	1),
(917,	'Velit enim repellat quibusdam culpa velit.',	88),
(918,	'Pariatur amet quia modi qui inventore temporibus accusantium nostrum.',	1),
(919,	'Et omnis debitis deleniti harum enim nostrum.',	36),
(920,	'Qui voluptas quia dolores veniam veritatis fuga.',	9),
(921,	'Aut corporis rerum minima.',	47),
(922,	'Officiis porro accusamus ad pariatur labore culpa.',	76),
(923,	'Porro eveniet numquam inventore et harum in.',	49),
(924,	'Eius sapiente quasi sapiente aut.',	76),
(925,	'Aut est perferendis optio.',	36),
(926,	'Voluptatem voluptates laudantium unde ducimus.',	76),
(927,	'Magni occaecati pariatur et voluptatum quas eos architecto.',	86),
(928,	'Necessitatibus est quia doloremque repudiandae.',	91),
(929,	'Odio incidunt voluptatem molestiae magnam cupiditate reprehenderit.',	51),
(930,	'Numquam ipsum suscipit et voluptas.',	56),
(931,	'Odio enim reprehenderit explicabo consequuntur voluptatem in.',	46),
(932,	'Sit molestias minima et perspiciatis sint dolorem.',	95),
(933,	'Fuga eveniet fugiat qui voluptatem.',	42),
(934,	'Totam voluptatum occaecati quia non.',	8),
(935,	'Sit ut in deserunt libero tempora.',	79),
(936,	'Non ut autem ad amet cum.',	47),
(937,	'Quidem dicta fuga est culpa at nesciunt culpa.',	36),
(938,	'Ipsam rerum maxime ipsum ipsa.',	60),
(939,	'Aut commodi molestiae itaque quia ut minus.',	47),
(940,	'Assumenda accusantium voluptates amet aut officiis.',	76),
(941,	'Natus ea qui harum maiores.',	2),
(942,	'Voluptas ut magni quis assumenda debitis.',	75),
(943,	'Non occaecati modi quidem quia quia facere magnam.',	37),
(944,	'Beatae dolor rerum architecto.',	2),
(945,	'Occaecati repellat soluta ut fugiat.',	6),
(946,	'Consequatur et aliquid quo sunt.',	53),
(947,	'Molestiae aut quaerat et et.',	13),
(948,	'Eius alias quis quia quibusdam assumenda quibusdam.',	24),
(949,	'Et aut deleniti nihil optio.',	69),
(950,	'Voluptatibus fugiat assumenda non.',	23),
(951,	'Aspernatur et possimus quas eos molestiae sequi ab.',	38),
(952,	'Soluta autem corrupti ut repellendus adipisci aut.',	6),
(953,	'Quos molestiae et eum fugiat laboriosam eligendi dolorem.',	28),
(954,	'Ab aut accusantium quasi et debitis dolorum.',	57),
(955,	'Reprehenderit similique pariatur in ex.',	50),
(956,	'Ea est dicta doloremque eos.',	11),
(957,	'Et quas eum rem rerum vel sunt.',	17),
(958,	'Minus aut repudiandae accusamus.',	20),
(959,	'Itaque vero molestiae iste explicabo.',	73),
(960,	'Consectetur vero in exercitationem quasi laudantium est excepturi.',	74),
(961,	'Enim nesciunt culpa et est et quasi.',	32),
(962,	'Accusamus suscipit magnam aut officiis quibusdam perspiciatis animi.',	65),
(963,	'Autem qui blanditiis neque animi rem omnis.',	11),
(964,	'Voluptatem neque mollitia omnis sed eveniet omnis.',	58),
(965,	'Harum ipsum deleniti deserunt aut maxime error.',	67),
(966,	'Ex esse cupiditate aut dolorem nemo in recusandae.',	61),
(967,	'Deserunt in minus fugit.',	28),
(968,	'Incidunt est maxime veritatis aut qui non.',	9),
(969,	'Quis ut ut assumenda.',	41),
(970,	'Ipsum dolorum ipsa porro et.',	80),
(971,	'Tempora porro quod voluptas quia consequatur enim blanditiis.',	80),
(972,	'Neque exercitationem quod eos dolorum ut culpa quos.',	45),
(973,	'Necessitatibus libero officiis mollitia non repudiandae eos perspiciatis ut.',	8),
(974,	'Vero tempore ea eaque quasi et aut.',	71),
(975,	'Labore deleniti cumque nisi.',	30),
(976,	'Voluptate suscipit et eaque harum.',	72),
(977,	'Similique impedit delectus error minus debitis.',	96),
(978,	'Harum autem pariatur voluptatibus est.',	29),
(979,	'Nihil rerum quam quas est est nobis amet.',	19),
(980,	'Est aperiam hic eius quod.',	91),
(981,	'Quia dolorem consectetur aut nobis ex facilis rerum.',	67),
(982,	'Enim delectus deserunt officiis quas nemo tempore.',	43),
(983,	'Sed neque magni ipsa et ullam.',	8),
(984,	'Eum voluptas aspernatur in excepturi et maxime.',	25),
(985,	'Culpa aspernatur architecto aut enim quos nobis.',	73),
(986,	'Veniam sit et dolorum perferendis ea.',	7),
(987,	'Harum recusandae placeat omnis quaerat dolore quia nesciunt perspiciatis.',	56),
(988,	'Odit velit modi et ea provident.',	64),
(989,	'Aut consequatur repudiandae iste odit adipisci ut.',	16),
(990,	'Vitae fugiat blanditiis sit quidem.',	58),
(991,	'Consectetur ipsam a adipisci tempore.',	93),
(992,	'Nemo rerum iusto ex dolorem laboriosam nulla id.',	9),
(993,	'Rem in voluptatum voluptatum esse.',	70),
(994,	'Aut est expedita nobis aut.',	39),
(995,	'Rem animi quis et hic eligendi maiores.',	20),
(996,	'Aliquam eum totam consectetur nemo occaecati.',	70),
(997,	'Minima esse soluta a velit voluptas adipisci.',	20),
(998,	'Odit eos quidem delectus.',	60),
(999,	'Veritatis accusamus eveniet iusto ea unde ut sunt.',	55),
(1000,	'Et ut et placeat quos ad eum consequatur odio.',	83);

DROP TABLE IF EXISTS `user_role`;
CREATE TABLE `user_role` (
  `user_id` int NOT NULL,
  `role_id` int NOT NULL,
  KEY `user` (`user_id`),
  KEY `role` (`role_id`)
) ENGINE=InnoDB DEFAULT CHARSET=utf8mb4 COLLATE=utf8mb4_unicode_ci;

INSERT INTO `user_role` (`user_id`, `role_id`) VALUES
(24,	40),
(46,	15),
(49,	39),
(37,	38),
(34,	36),
(75,	40),
(24,	10),
(8,	14),
(8,	46),
(3,	45),
(30,	48),
(17,	11),
(42,	6),
(18,	49),
(44,	26),
(81,	2),
(30,	14),
(86,	36),
(98,	22),
(79,	29),
(1,	30),
(25,	16),
(68,	36),
(49,	41),
(9,	19),
(14,	9),
(2,	6),
(15,	33),
(60,	33),
(98,	19),
(40,	42),
(42,	49),
(17,	33),
(10,	48),
(98,	38),
(2,	2),
(28,	34),
(95,	34),
(22,	18),
(44,	5),
(97,	16),
(89,	15),
(87,	7),
(14,	41),
(37,	38),
(16,	6),
(20,	32),
(44,	11),
(92,	45),
(46,	24),
(46,	33),
(50,	5),
(11,	38),
(51,	46),
(56,	44),
(79,	36),
(19,	18),
(100,	50),
(91,	35),
(11,	46),
(86,	37),
(47,	6),
(71,	9),
(6,	8),
(27,	11),
(86,	23),
(92,	11),
(40,	3),
(81,	15),
(86,	7),
(92,	45),
(99,	34),
(9,	42),
(83,	17),
(39,	40),
(22,	32),
(22,	45),
(30,	29),
(7,	4),
(27,	19),
(93,	14),
(75,	35),
(64,	21),
(52,	28),
(66,	22),
(27,	34),
(16,	20),
(49,	30),
(21,	21),
(39,	3),
(78,	33),
(75,	21),
(90,	50),
(77,	30),
(68,	28),
(39,	48),
(72,	34),
(61,	16),
(74,	31),
(13,	16),
(72,	38),
(66,	23),
(32,	37),
(28,	12),
(62,	50),
(33,	44),
(9,	28),
(11,	33),
(95,	45),
(35,	49);

DROP TABLE IF EXISTS `users`;
CREATE TABLE `users` (
  `id` bigint unsigned NOT NULL AUTO_INCREMENT,
  `name` varchar(255) COLLATE utf8mb4_unicode_ci NOT NULL,
  `email` varchar(255) COLLATE utf8mb4_unicode_ci NOT NULL,
  `password` varchar(255) COLLATE utf8mb4_unicode_ci NOT NULL,
  PRIMARY KEY (`id`),
  UNIQUE KEY `users_email_unique` (`email`)
) ENGINE=InnoDB DEFAULT CHARSET=utf8mb4 COLLATE=utf8mb4_unicode_ci;

INSERT INTO `users` (`id`, `name`, `email`, `password`) VALUES
(1,	'Esteban Harris II',	'85a429a1-1cbd-30fc-a9c5-4d57b483ac70@example.com',	'$2y$10$92IXUNpkjO0rOQ5byMi.Ye4oKoEa3Ro9llC/.og/at2.uheWG/igi'),
(2,	'Prof. Cyril McCullough',	'cd88e97b-f95a-34ea-b2c1-9bd6ad30c252@example.com',	'$2y$10$92IXUNpkjO0rOQ5byMi.Ye4oKoEa3Ro9llC/.og/at2.uheWG/igi'),
(3,	'Verdie Luettgen',	'bad0ba0e-38ad-3fab-94f9-b4f5a0221c96@example.com',	'$2y$10$92IXUNpkjO0rOQ5byMi.Ye4oKoEa3Ro9llC/.og/at2.uheWG/igi'),
(4,	'Jamal Dickinson',	'c29b8683-c211-350d-a276-a0fe524a1ddd@example.com',	'$2y$10$92IXUNpkjO0rOQ5byMi.Ye4oKoEa3Ro9llC/.og/at2.uheWG/igi'),
(5,	'Alexander Rowe',	'53b5e260-f4d1-3737-96ac-406e14ab466c@example.com',	'$2y$10$92IXUNpkjO0rOQ5byMi.Ye4oKoEa3Ro9llC/.og/at2.uheWG/igi'),
(6,	'Lewis Hirthe',	'3a8f3ba7-039e-3fb8-851b-62ad010c9fd0@example.com',	'$2y$10$92IXUNpkjO0rOQ5byMi.Ye4oKoEa3Ro9llC/.og/at2.uheWG/igi'),
(7,	'Taurean Ruecker',	'614b2919-680e-3270-bb0d-44576cda7d3a@example.com',	'$2y$10$92IXUNpkjO0rOQ5byMi.Ye4oKoEa3Ro9llC/.og/at2.uheWG/igi'),
(8,	'Donna Rolfson III',	'4400431f-a7cc-3106-b16c-66e88698c216@example.com',	'$2y$10$92IXUNpkjO0rOQ5byMi.Ye4oKoEa3Ro9llC/.og/at2.uheWG/igi'),
(9,	'Miss Emma Gulgowski',	'd55668a6-4c0c-311d-98aa-85ac1e89d126@example.com',	'$2y$10$92IXUNpkjO0rOQ5byMi.Ye4oKoEa3Ro9llC/.og/at2.uheWG/igi'),
(10,	'Caleb Christiansen',	'b3326274-c3d0-38f5-95aa-b6749d3915de@example.com',	'$2y$10$92IXUNpkjO0rOQ5byMi.Ye4oKoEa3Ro9llC/.og/at2.uheWG/igi'),
(11,	'Karina Keeling',	'56307f26-d308-3540-b4ab-8365532121f4@example.com',	'$2y$10$92IXUNpkjO0rOQ5byMi.Ye4oKoEa3Ro9llC/.og/at2.uheWG/igi'),
(12,	'Heath Tromp',	'8b399ef3-9b63-3154-8841-bb555ff9e982@example.com',	'$2y$10$92IXUNpkjO0rOQ5byMi.Ye4oKoEa3Ro9llC/.og/at2.uheWG/igi'),
(13,	'Mrs. Rozella Hettinger I',	'5d5372f1-8472-3366-922d-98eb618347b0@example.com',	'$2y$10$92IXUNpkjO0rOQ5byMi.Ye4oKoEa3Ro9llC/.og/at2.uheWG/igi'),
(14,	'Raquel Mohr I',	'084bddbc-1d3b-3418-80bf-46d2cd21d594@example.com',	'$2y$10$92IXUNpkjO0rOQ5byMi.Ye4oKoEa3Ro9llC/.og/at2.uheWG/igi'),
(15,	'Cordelia Aufderhar',	'15848698-a0c9-3875-9ce5-ddd49b232e58@example.com',	'$2y$10$92IXUNpkjO0rOQ5byMi.Ye4oKoEa3Ro9llC/.og/at2.uheWG/igi'),
(16,	'Juwan Halvorson',	'1363a404-ff98-3a9a-ae93-7628f99959f5@example.com',	'$2y$10$92IXUNpkjO0rOQ5byMi.Ye4oKoEa3Ro9llC/.og/at2.uheWG/igi'),
(17,	'Mr. Jamison Kerluke',	'564855ff-8b7f-3ffc-8b1a-8e2a44f27790@example.com',	'$2y$10$92IXUNpkjO0rOQ5byMi.Ye4oKoEa3Ro9llC/.og/at2.uheWG/igi'),
(18,	'Marguerite Hodkiewicz',	'fb9fb959-970b-3d5d-ae8f-742194e52155@example.com',	'$2y$10$92IXUNpkjO0rOQ5byMi.Ye4oKoEa3Ro9llC/.og/at2.uheWG/igi'),
(19,	'Prof. Corbin Gulgowski',	'3e62ae96-3c17-31e2-bd7b-11ae31ed625b@example.com',	'$2y$10$92IXUNpkjO0rOQ5byMi.Ye4oKoEa3Ro9llC/.og/at2.uheWG/igi'),
(20,	'Aleen Bergstrom',	'749d3b60-2198-3fd7-b78e-e1cff48dfe64@example.com',	'$2y$10$92IXUNpkjO0rOQ5byMi.Ye4oKoEa3Ro9llC/.og/at2.uheWG/igi'),
(21,	'Lexus Hansen',	'760d02b1-44de-386f-99d1-58b1d44c248e@example.com',	'$2y$10$92IXUNpkjO0rOQ5byMi.Ye4oKoEa3Ro9llC/.og/at2.uheWG/igi'),
(22,	'Nathan Hamill',	'd9d5a841-fbb2-3a46-8ddf-42dd0d5c488d@example.com',	'$2y$10$92IXUNpkjO0rOQ5byMi.Ye4oKoEa3Ro9llC/.og/at2.uheWG/igi'),
(23,	'Leanne Reichert I',	'c56a5143-d202-3bd1-92be-03e1bdac1b4c@example.com',	'$2y$10$92IXUNpkjO0rOQ5byMi.Ye4oKoEa3Ro9llC/.og/at2.uheWG/igi'),
(24,	'Zelda Dibbert',	'773775c3-ebe1-3e47-8bdf-0271102f1a45@example.com',	'$2y$10$92IXUNpkjO0rOQ5byMi.Ye4oKoEa3Ro9llC/.og/at2.uheWG/igi'),
(25,	'Chase Zieme II',	'53d15410-ff81-30da-9e14-bd7f5d4e89fd@example.com',	'$2y$10$92IXUNpkjO0rOQ5byMi.Ye4oKoEa3Ro9llC/.og/at2.uheWG/igi'),
(26,	'Angel Ritchie',	'85de351e-71e4-3cd4-aa56-bfb0ebb44399@example.com',	'$2y$10$92IXUNpkjO0rOQ5byMi.Ye4oKoEa3Ro9llC/.og/at2.uheWG/igi'),
(27,	'Dr. Camron Howe I',	'ba53749f-d016-318e-a611-f87a8701ddb4@example.com',	'$2y$10$92IXUNpkjO0rOQ5byMi.Ye4oKoEa3Ro9llC/.og/at2.uheWG/igi'),
(28,	'Winona Leannon V',	'6aa3e9ae-e0f0-3202-a447-63fd5537a065@example.com',	'$2y$10$92IXUNpkjO0rOQ5byMi.Ye4oKoEa3Ro9llC/.og/at2.uheWG/igi'),
(29,	'Mr. Cielo Berge III',	'b594eb49-de00-313a-a4a8-2a46be59ca4c@example.com',	'$2y$10$92IXUNpkjO0rOQ5byMi.Ye4oKoEa3Ro9llC/.og/at2.uheWG/igi'),
(30,	'Ms. Marisol Breitenberg PhD',	'68f7c15b-46f4-3b4e-b40a-814ba5113ff0@example.com',	'$2y$10$92IXUNpkjO0rOQ5byMi.Ye4oKoEa3Ro9llC/.og/at2.uheWG/igi'),
(31,	'Alene Gleichner',	'03166d42-f23d-37ec-b923-f8895f986b7a@example.com',	'$2y$10$92IXUNpkjO0rOQ5byMi.Ye4oKoEa3Ro9llC/.og/at2.uheWG/igi'),
(32,	'Enrique Block',	'b4284e9d-b9dd-3c6f-8dd5-cff8c55da7db@example.com',	'$2y$10$92IXUNpkjO0rOQ5byMi.Ye4oKoEa3Ro9llC/.og/at2.uheWG/igi'),
(33,	'Mrs. Danika Schaden',	'68adc2a3-00c5-3edd-8097-164df3ba14e6@example.com',	'$2y$10$92IXUNpkjO0rOQ5byMi.Ye4oKoEa3Ro9llC/.og/at2.uheWG/igi'),
(34,	'Leora Brown',	'a50d2605-0009-3e6f-b0d9-d289c14ed936@example.com',	'$2y$10$92IXUNpkjO0rOQ5byMi.Ye4oKoEa3Ro9llC/.og/at2.uheWG/igi'),
(35,	'Abdullah Lang DDS',	'bc6697ec-f6e5-3a55-b4fd-32d37560bd49@example.com',	'$2y$10$92IXUNpkjO0rOQ5byMi.Ye4oKoEa3Ro9llC/.og/at2.uheWG/igi'),
(36,	'Randi Hettinger',	'b0423ce9-df96-3e88-9d32-b751db201fc1@example.com',	'$2y$10$92IXUNpkjO0rOQ5byMi.Ye4oKoEa3Ro9llC/.og/at2.uheWG/igi'),
(37,	'Mr. Joshua Reichel',	'695c182f-d66c-3cef-903e-f2e8b28e2aae@example.com',	'$2y$10$92IXUNpkjO0rOQ5byMi.Ye4oKoEa3Ro9llC/.og/at2.uheWG/igi'),
(38,	'Madelyn Lebsack',	'71671db1-6048-3b16-859c-ecf662549044@example.com',	'$2y$10$92IXUNpkjO0rOQ5byMi.Ye4oKoEa3Ro9llC/.og/at2.uheWG/igi'),
(39,	'Lina Keebler Jr.',	'18d6b7e0-67c4-321a-b1e7-a29b105aa98e@example.com',	'$2y$10$92IXUNpkjO0rOQ5byMi.Ye4oKoEa3Ro9llC/.og/at2.uheWG/igi'),
(40,	'Lonzo Nikolaus',	'2036a54e-1f71-3e7a-8ea5-561c1eab4811@example.com',	'$2y$10$92IXUNpkjO0rOQ5byMi.Ye4oKoEa3Ro9llC/.og/at2.uheWG/igi'),
(41,	'Kathryne Lebsack',	'db00987e-111a-3ccf-b34e-02fbad805349@example.com',	'$2y$10$92IXUNpkjO0rOQ5byMi.Ye4oKoEa3Ro9llC/.og/at2.uheWG/igi'),
(42,	'Prof. Jeremie Ledner IV',	'b1015ea5-4ad4-34c3-8208-70246d940a1a@example.com',	'$2y$10$92IXUNpkjO0rOQ5byMi.Ye4oKoEa3Ro9llC/.og/at2.uheWG/igi'),
(43,	'Tremayne Mertz',	'42c7e040-9ab8-341a-ab84-8215167d62ef@example.com',	'$2y$10$92IXUNpkjO0rOQ5byMi.Ye4oKoEa3Ro9llC/.og/at2.uheWG/igi'),
(44,	'Graciela Lesch',	'91ed7f2f-1443-3fe7-b1a6-778a2b60d2c5@example.com',	'$2y$10$92IXUNpkjO0rOQ5byMi.Ye4oKoEa3Ro9llC/.og/at2.uheWG/igi'),
(45,	'Prof. Rolando Auer',	'3690b233-b2eb-35f5-b917-3fb649ae5e3f@example.com',	'$2y$10$92IXUNpkjO0rOQ5byMi.Ye4oKoEa3Ro9llC/.og/at2.uheWG/igi'),
(46,	'Jerrold Hessel',	'923dfffa-4cf7-3bee-9af9-315588c2ae57@example.com',	'$2y$10$92IXUNpkjO0rOQ5byMi.Ye4oKoEa3Ro9llC/.og/at2.uheWG/igi'),
(47,	'Dr. Aidan Bartoletti Sr.',	'6244b805-4dbd-369e-a293-79c4a81d499e@example.com',	'$2y$10$92IXUNpkjO0rOQ5byMi.Ye4oKoEa3Ro9llC/.og/at2.uheWG/igi'),
(48,	'Shayna Morar',	'912edb2b-0a13-3953-8df1-7da6363e29d8@example.com',	'$2y$10$92IXUNpkjO0rOQ5byMi.Ye4oKoEa3Ro9llC/.og/at2.uheWG/igi'),
(49,	'Ms. Electa Stoltenberg',	'02c907b5-6b39-3671-b184-d18e86ad07ec@example.com',	'$2y$10$92IXUNpkjO0rOQ5byMi.Ye4oKoEa3Ro9llC/.og/at2.uheWG/igi'),
(50,	'Prof. Kameron Rutherford',	'6739e514-0310-342f-aae8-7d4394410465@example.com',	'$2y$10$92IXUNpkjO0rOQ5byMi.Ye4oKoEa3Ro9llC/.og/at2.uheWG/igi'),
(51,	'Peyton Beer',	'a2384410-7a88-3eee-bc8c-65e9d384d609@example.com',	'$2y$10$92IXUNpkjO0rOQ5byMi.Ye4oKoEa3Ro9llC/.og/at2.uheWG/igi'),
(52,	'Buck Connelly',	'2fd7d577-c570-3903-b2e9-1154fbf42db0@example.com',	'$2y$10$92IXUNpkjO0rOQ5byMi.Ye4oKoEa3Ro9llC/.og/at2.uheWG/igi'),
(53,	'Mr. Neal Blanda',	'212110b4-03d7-33c2-9a30-6e3cb855ccd8@example.com',	'$2y$10$92IXUNpkjO0rOQ5byMi.Ye4oKoEa3Ro9llC/.og/at2.uheWG/igi'),
(54,	'Prof. Lacey Von',	'172071f9-f902-31f9-9aaf-6f24d8378990@example.com',	'$2y$10$92IXUNpkjO0rOQ5byMi.Ye4oKoEa3Ro9llC/.og/at2.uheWG/igi'),
(55,	'Rosemary Harris',	'6da2c79d-46b6-32c4-839d-f09082925d73@example.com',	'$2y$10$92IXUNpkjO0rOQ5byMi.Ye4oKoEa3Ro9llC/.og/at2.uheWG/igi'),
(56,	'Mr. Andrew Turner IV',	'77ec09c3-e55b-3329-a965-808533656334@example.com',	'$2y$10$92IXUNpkjO0rOQ5byMi.Ye4oKoEa3Ro9llC/.og/at2.uheWG/igi'),
(57,	'Prof. Jose Aufderhar DDS',	'48725cab-2505-38df-9260-b8c8b112c387@example.com',	'$2y$10$92IXUNpkjO0rOQ5byMi.Ye4oKoEa3Ro9llC/.og/at2.uheWG/igi'),
(58,	'Oma Dooley',	'7f11cde4-0a9b-3416-a36e-d2150492e67d@example.com',	'$2y$10$92IXUNpkjO0rOQ5byMi.Ye4oKoEa3Ro9llC/.og/at2.uheWG/igi'),
(59,	'Prof. Roberto Rohan',	'2a136fc4-7c91-32c7-9934-ece6fa07a693@example.com',	'$2y$10$92IXUNpkjO0rOQ5byMi.Ye4oKoEa3Ro9llC/.og/at2.uheWG/igi'),
(60,	'Ahmed Gaylord',	'd30e0560-c394-3147-811f-9d0ad63a7c3c@example.com',	'$2y$10$92IXUNpkjO0rOQ5byMi.Ye4oKoEa3Ro9llC/.og/at2.uheWG/igi'),
(61,	'Sandrine Ritchie',	'622ac474-17e3-32d8-853c-bf12942f40f7@example.com',	'$2y$10$92IXUNpkjO0rOQ5byMi.Ye4oKoEa3Ro9llC/.og/at2.uheWG/igi'),
(62,	'Holden Weimann I',	'3c59ac26-7d67-3cf5-817a-0674e6b73a31@example.com',	'$2y$10$92IXUNpkjO0rOQ5byMi.Ye4oKoEa3Ro9llC/.og/at2.uheWG/igi'),
(63,	'Durward Cassin',	'6c415e5f-0278-37d0-84fb-707754b4fd3c@example.com',	'$2y$10$92IXUNpkjO0rOQ5byMi.Ye4oKoEa3Ro9llC/.og/at2.uheWG/igi'),
(64,	'Mr. Coby Keeling',	'225642e8-a2a4-359d-b2d4-7c46c82cef1a@example.com',	'$2y$10$92IXUNpkjO0rOQ5byMi.Ye4oKoEa3Ro9llC/.og/at2.uheWG/igi'),
(65,	'Manley Littel',	'3481fa83-c054-30d9-946f-be35d6c2c6e2@example.com',	'$2y$10$92IXUNpkjO0rOQ5byMi.Ye4oKoEa3Ro9llC/.og/at2.uheWG/igi'),
(66,	'Tressa Bartoletti',	'b3b5fa4b-7f35-36c6-a9e4-2a3aeda762bd@example.com',	'$2y$10$92IXUNpkjO0rOQ5byMi.Ye4oKoEa3Ro9llC/.og/at2.uheWG/igi'),
(67,	'Quentin Block IV',	'958f4dbf-3a56-3c72-9987-9021d83bdfdc@example.com',	'$2y$10$92IXUNpkjO0rOQ5byMi.Ye4oKoEa3Ro9llC/.og/at2.uheWG/igi'),
(68,	'Mr. Demario Lockman Sr.',	'da09287b-650f-3b23-9433-fb9576321dfd@example.com',	'$2y$10$92IXUNpkjO0rOQ5byMi.Ye4oKoEa3Ro9llC/.og/at2.uheWG/igi'),
(69,	'Mrs. Kasandra Ernser II',	'dba1ac4f-6785-369c-870c-49d94612599f@example.com',	'$2y$10$92IXUNpkjO0rOQ5byMi.Ye4oKoEa3Ro9llC/.og/at2.uheWG/igi'),
(70,	'Helmer Block',	'3394bc3d-2b8e-3c82-b6b9-48f884a47fe9@example.com',	'$2y$10$92IXUNpkjO0rOQ5byMi.Ye4oKoEa3Ro9llC/.og/at2.uheWG/igi'),
(71,	'Dr. Kareem Hammes Sr.',	'd654029e-5f27-3a27-b8a7-2756c8a06500@example.com',	'$2y$10$92IXUNpkjO0rOQ5byMi.Ye4oKoEa3Ro9llC/.og/at2.uheWG/igi'),
(72,	'Jameson Vandervort',	'22c996af-af53-36ff-83ed-5fe272430fe8@example.com',	'$2y$10$92IXUNpkjO0rOQ5byMi.Ye4oKoEa3Ro9llC/.og/at2.uheWG/igi'),
(73,	'Hassie Smith',	'3f530235-f12b-31e5-b951-216d8ca090c2@example.com',	'$2y$10$92IXUNpkjO0rOQ5byMi.Ye4oKoEa3Ro9llC/.og/at2.uheWG/igi'),
(74,	'Mikayla DuBuque',	'c6a6f975-f240-39c6-8a70-c3f599dd6c73@example.com',	'$2y$10$92IXUNpkjO0rOQ5byMi.Ye4oKoEa3Ro9llC/.og/at2.uheWG/igi'),
(75,	'Murl Trantow',	'0f8d0d28-9162-3b28-b99a-8af56e3856e5@example.com',	'$2y$10$92IXUNpkjO0rOQ5byMi.Ye4oKoEa3Ro9llC/.og/at2.uheWG/igi'),
(76,	'Wellington Homenick',	'2390d863-8ae3-3778-85e9-293cf14a6a44@example.com',	'$2y$10$92IXUNpkjO0rOQ5byMi.Ye4oKoEa3Ro9llC/.og/at2.uheWG/igi'),
(77,	'Lyric Grady',	'814ca1d9-b1ca-3250-b305-00877f3d069b@example.com',	'$2y$10$92IXUNpkjO0rOQ5byMi.Ye4oKoEa3Ro9llC/.og/at2.uheWG/igi'),
(78,	'Lou Kub',	'a23ad6af-6ec7-3af8-8e8f-3a0ea646946a@example.com',	'$2y$10$92IXUNpkjO0rOQ5byMi.Ye4oKoEa3Ro9llC/.og/at2.uheWG/igi'),
(79,	'Seth Kutch',	'be44c4f5-f4a6-3167-a82b-969d914ce152@example.com',	'$2y$10$92IXUNpkjO0rOQ5byMi.Ye4oKoEa3Ro9llC/.og/at2.uheWG/igi'),
(80,	'Jodie Walsh',	'e60b3cb6-145b-3722-8d09-eb1181a771e9@example.com',	'$2y$10$92IXUNpkjO0rOQ5byMi.Ye4oKoEa3Ro9llC/.og/at2.uheWG/igi'),
(81,	'Janelle Harvey',	'59c30691-8d75-3f01-9fa2-1486fbb12a4d@example.com',	'$2y$10$92IXUNpkjO0rOQ5byMi.Ye4oKoEa3Ro9llC/.og/at2.uheWG/igi'),
(82,	'Ms. Florence Larkin',	'2a1baf17-efbc-33e8-bc96-85677bea8d6f@example.com',	'$2y$10$92IXUNpkjO0rOQ5byMi.Ye4oKoEa3Ro9llC/.og/at2.uheWG/igi'),
(83,	'Brian Dietrich DVM',	'70ece92c-515d-32a6-869d-57575a90cb47@example.com',	'$2y$10$92IXUNpkjO0rOQ5byMi.Ye4oKoEa3Ro9llC/.og/at2.uheWG/igi'),
(84,	'Mrs. Breanne Lemke MD',	'72573fc3-e550-3690-a6c0-e439f584b078@example.com',	'$2y$10$92IXUNpkjO0rOQ5byMi.Ye4oKoEa3Ro9llC/.og/at2.uheWG/igi'),
(85,	'Prof. Erling Dach',	'50e2f18b-fd7f-36d3-881a-6bcfb023bf1c@example.com',	'$2y$10$92IXUNpkjO0rOQ5byMi.Ye4oKoEa3Ro9llC/.og/at2.uheWG/igi'),
(86,	'Elyse Cummerata',	'0b38fc9b-0f93-39a8-95a7-832a53fd9024@example.com',	'$2y$10$92IXUNpkjO0rOQ5byMi.Ye4oKoEa3Ro9llC/.og/at2.uheWG/igi'),
(87,	'Murl Herzog V',	'eabf47d3-28bc-3522-80ef-c24df9a0a6f2@example.com',	'$2y$10$92IXUNpkjO0rOQ5byMi.Ye4oKoEa3Ro9llC/.og/at2.uheWG/igi'),
(88,	'Maiya Buckridge DVM',	'e0d36696-76c3-3966-9d13-071878d49be3@example.com',	'$2y$10$92IXUNpkjO0rOQ5byMi.Ye4oKoEa3Ro9llC/.og/at2.uheWG/igi'),
(89,	'Chesley Mertz',	'c85864b5-84b6-37c1-8b71-770b7d3e76d3@example.com',	'$2y$10$92IXUNpkjO0rOQ5byMi.Ye4oKoEa3Ro9llC/.og/at2.uheWG/igi'),
(90,	'Mekhi Goldner',	'd8c3cf11-785a-35ed-932c-bacda1eadc71@example.com',	'$2y$10$92IXUNpkjO0rOQ5byMi.Ye4oKoEa3Ro9llC/.og/at2.uheWG/igi'),
(91,	'Juwan Kuvalis',	'2ddd6a9b-6123-3cb0-8c9c-dc1339725c06@example.com',	'$2y$10$92IXUNpkjO0rOQ5byMi.Ye4oKoEa3Ro9llC/.og/at2.uheWG/igi'),
(92,	'Hazle Kulas',	'7071b1fb-3158-3b92-90b7-cb51219a8a4b@example.com',	'$2y$10$92IXUNpkjO0rOQ5byMi.Ye4oKoEa3Ro9llC/.og/at2.uheWG/igi'),
(93,	'Prof. Kole Gusikowski',	'c877837f-20bd-3a2e-ae8c-23fd03f3234a@example.com',	'$2y$10$92IXUNpkjO0rOQ5byMi.Ye4oKoEa3Ro9llC/.og/at2.uheWG/igi'),
(94,	'Brennon Harvey',	'5f0491d0-c6ad-33bc-a331-5731274ba1e4@example.com',	'$2y$10$92IXUNpkjO0rOQ5byMi.Ye4oKoEa3Ro9llC/.og/at2.uheWG/igi'),
(95,	'Miss Ludie Kling',	'b3ae2393-8314-3029-8ffd-ddc69b537d19@example.com',	'$2y$10$92IXUNpkjO0rOQ5byMi.Ye4oKoEa3Ro9llC/.og/at2.uheWG/igi'),
(96,	'Maya Welch',	'02bced3b-d2a4-3597-a69b-063a7f3d91a6@example.com',	'$2y$10$92IXUNpkjO0rOQ5byMi.Ye4oKoEa3Ro9llC/.og/at2.uheWG/igi'),
(97,	'Daphne Hettinger',	'4a6f11e5-4d78-3838-966b-bbac4da86096@example.com',	'$2y$10$92IXUNpkjO0rOQ5byMi.Ye4oKoEa3Ro9llC/.og/at2.uheWG/igi'),
(98,	'Hellen Stroman',	'ed573577-4d29-32c9-b14e-ac3cfd631182@example.com',	'$2y$10$92IXUNpkjO0rOQ5byMi.Ye4oKoEa3Ro9llC/.og/at2.uheWG/igi'),
(99,	'Dr. Salma Koelpin',	'22285a3b-1877-33e1-a2e4-88dd919b6290@example.com',	'$2y$10$92IXUNpkjO0rOQ5byMi.Ye4oKoEa3Ro9llC/.og/at2.uheWG/igi'),
(100,	'Dr. Terrill McClure',	'9a956a8f-3fbc-3c9d-9a05-b4fce263da7d@example.com',	'$2y$10$92IXUNpkjO0rOQ5byMi.Ye4oKoEa3Ro9llC/.og/at2.uheWG/igi');

-- 2023-01-12 12:05:47
